id|name|url|type
50|Germany|http://dbpedia.org/resource/Germany|country
5|Bolivia|http://dbpedia.org/resource/Bolivia|country
35|Papua_New_Guinea|http://dbpedia.org/resource/Papua_New_Guinea|country
15|Honduras|http://dbpedia.org/resource/Honduras|country
3|Austria|http://dbpedia.org/resource/Austria|country
6|Bosnia_and_Herzegovina|http://dbpedia.org/resource/Bosnia_and_Herzegovina|country
7|Bulgaria|http://dbpedia.org/resource/Bulgaria|country
9|Croatia|http://dbpedia.org/resource/Croatia|country
10|Denmark|http://dbpedia.org/resource/Denmark|country
13|Estonia|http://dbpedia.org/resource/Estonia|country
14|Finland|http://dbpedia.org/resource/Finland|country
20|Latvia|http://dbpedia.org/resource/Latvia|country
23|Lithuania|http://dbpedia.org/resource/Lithuania|country
24|Malta|http://dbpedia.org/resource/Malta|country
31|Northern_Ireland|http://dbpedia.org/resource/Northern_Ireland|country
32|Norway|http://dbpedia.org/resource/Norway|country
37|Republic_of_Ireland|http://dbpedia.org/resource/Republic_of_Ireland|country
38|Republic_of_Macedonia|http://dbpedia.org/resource/Republic_of_Macedonia|country
40|Scotland|http://dbpedia.org/resource/Scotland|country
42|Slovakia|http://dbpedia.org/resource/Slovakia|country
43|Slovenia|http://dbpedia.org/resource/Slovenia|country
45|Switzerland|http://dbpedia.org/resource/Switzerland|country
48|Wales|http://dbpedia.org/resource/Wales|country
56|Russia|http://dbpedia.org/resource/Russia|country
63|Belarus|http://dbpedia.org/resource/Belarus|country
64|Belgium|http://dbpedia.org/resource/Belgium|country
72|Czech_Republic|http://dbpedia.org/resource/Czech_Republic|country
75|England|http://dbpedia.org/resource/England|country
77|France|http://dbpedia.org/resource/France|country
78|Greece|http://dbpedia.org/resource/Greece|country
79|Hungary|http://dbpedia.org/resource/Hungary|country
81|Italy|http://dbpedia.org/resource/Italy|country
86|Moldova|http://dbpedia.org/resource/Moldova|country
89|Netherlands|http://dbpedia.org/resource/Netherlands|country
92|Poland|http://dbpedia.org/resource/Poland|country
93|Portugal|http://dbpedia.org/resource/Portugal|country
95|Romania|http://dbpedia.org/resource/Romania|country
99|Spain|http://dbpedia.org/resource/Spain|country
101|Sweden|http://dbpedia.org/resource/Sweden|country
106|Ukraine|http://dbpedia.org/resource/Ukraine|country
107|United_Kingdom|http://dbpedia.org/resource/United_Kingdom|country
509|Vienna|http://dbpedia.org/resource/Vienna|city
512|Sarajevo|http://dbpedia.org/resource/Sarajevo|city
513|Sofia|http://dbpedia.org/resource/Sofia|city
515|Zagreb|http://dbpedia.org/resource/Zagreb|city
516|Copenhagen|http://dbpedia.org/resource/Copenhagen|city
519|Tallinn|http://dbpedia.org/resource/Tallinn|city
520|Helsinki|http://dbpedia.org/resource/Helsinki|city
526|Riga|http://dbpedia.org/resource/Riga|city
529|Vilnius|http://dbpedia.org/resource/Vilnius|city
530|San_Gwann|http://dbpedia.org/resource/San_Gwann|city
537|Belfast|http://dbpedia.org/resource/Belfast|city
538|Oslo|http://dbpedia.org/resource/Oslo|city
543|Dublin|http://dbpedia.org/resource/Dublin|city
544|Skopje|http://dbpedia.org/resource/Skopje|city
546|Glasgow|http://dbpedia.org/resource/Glasgow|city
548|Bratislava|http://dbpedia.org/resource/Bratislava|city
549|Ljubljana|http://dbpedia.org/resource/Ljubljana|city
551|Geneva|http://dbpedia.org/resource/Geneva|city
554|Swansea|http://dbpedia.org/resource/Swansea|city
595|Wernigerode|http://dbpedia.org/resource/Wernigerode|city
596|Greifswald|http://dbpedia.org/resource/Greifswald|city
597|Darmstadt|http://dbpedia.org/resource/Darmstadt|city
598|Friedberg|http://dbpedia.org/resource/Friedberg|city
599|Wedel|http://dbpedia.org/resource/Wedel|city
600|Möckern|http://dbpedia.org/resource/Möckern|city
601|Ingolstadt|http://dbpedia.org/resource/Ingolstadt|city
602|Heidelberg|http://dbpedia.org/resource/Heidelberg|city
603|Speyer|http://dbpedia.org/resource/Speyer|city
604|Lörrach|http://dbpedia.org/resource/Lörrach|city
605|Ludwigsburg|http://dbpedia.org/resource/Ludwigsburg|city
606|Fulda|http://dbpedia.org/resource/Fulda|city
607|Augsburg|http://dbpedia.org/resource/Augsburg|city
608|Berlin|http://dbpedia.org/resource/Berlin|city
609|Munich|http://dbpedia.org/resource/Munich|city
610|Kempten|http://dbpedia.org/resource/Kempten|city
611|Koblenz|http://dbpedia.org/resource/Koblenz|city
612|Trier|http://dbpedia.org/resource/Trier|city
613|Othmarschen|http://dbpedia.org/resource/Othmarschen|city
614|Freiburg_im_Breisgau|http://dbpedia.org/resource/Freiburg_im_Breisgau|city
615|Hamburg|http://dbpedia.org/resource/Hamburg|city
616|Hanover|http://dbpedia.org/resource/Hanover|city
617|Nuremberg|http://dbpedia.org/resource/Nuremberg|city
618|Reutlingen|http://dbpedia.org/resource/Reutlingen|city
619|Ilmenau|http://dbpedia.org/resource/Ilmenau|city
620|Stuttgart|http://dbpedia.org/resource/Stuttgart|city
621|Aachen|http://dbpedia.org/resource/Aachen|city
622|Frankfurt|http://dbpedia.org/resource/Frankfurt|city
623|Flensburg|http://dbpedia.org/resource/Flensburg|city
624|Mannheim|http://dbpedia.org/resource/Mannheim|city
625|Mainz|http://dbpedia.org/resource/Mainz|city
626|Iserlohn|http://dbpedia.org/resource/Iserlohn|city
627|Leipzig|http://dbpedia.org/resource/Leipzig|city
628|Cologne|http://dbpedia.org/resource/Cologne|city
629|Heilbronn|http://dbpedia.org/resource/Heilbronn|city
630|Konstanz|http://dbpedia.org/resource/Konstanz|city
631|Wiesbaden|http://dbpedia.org/resource/Wiesbaden|city
632|Lübeck|http://dbpedia.org/resource/Lübeck|city
633|Kassel|http://dbpedia.org/resource/Kassel|city
634|Weimar|http://dbpedia.org/resource/Weimar|city
832|Tula|http://dbpedia.org/resource/Tula|city
833|Rostov|http://dbpedia.org/resource/Rostov|city
834|Vladivostok|http://dbpedia.org/resource/Vladivostok|city
835|Zhukovsky|http://dbpedia.org/resource/Zhukovsky|city
836|Yekaterinburg|http://dbpedia.org/resource/Yekaterinburg|city
837|Perm|http://dbpedia.org/resource/Perm|city
838|Yaroslavl|http://dbpedia.org/resource/Yaroslavl|city
839|Krasnodar|http://dbpedia.org/resource/Krasnodar|city
840|Biysk|http://dbpedia.org/resource/Biysk|city
841|Barnaul|http://dbpedia.org/resource/Barnaul|city
842|Kursk|http://dbpedia.org/resource/Kursk|city
843|Saransk|http://dbpedia.org/resource/Saransk|city
844|Saint_Petersburg|http://dbpedia.org/resource/Saint_Petersburg|city
845|Moscow|http://dbpedia.org/resource/Moscow|city
846|Kemerovo_Oblast|http://dbpedia.org/resource/Kemerovo_Oblast|city
847|Omsk|http://dbpedia.org/resource/Omsk|city
848|Bishkek|http://dbpedia.org/resource/Bishkek|city
849|Magnitogorsk|http://dbpedia.org/resource/Magnitogorsk|city
850|Murmansk|http://dbpedia.org/resource/Murmansk|city
851|Tomsk|http://dbpedia.org/resource/Tomsk|city
852|Monino|http://dbpedia.org/resource/Monino|city
853|Kazan|http://dbpedia.org/resource/Kazan|city
854|Ulyanovsk|http://dbpedia.org/resource/Ulyanovsk|city
855|Ivanovo_Oblast|http://dbpedia.org/resource/Ivanovo_Oblast|city
856|Vologda|http://dbpedia.org/resource/Vologda|city
857|Pereslavl-Zalessky|http://dbpedia.org/resource/Pereslavl-Zalessky|city
858|Krasnoyarsk|http://dbpedia.org/resource/Krasnoyarsk|city
859|Voronezh|http://dbpedia.org/resource/Voronezh|city
860|Ulan-Ude|http://dbpedia.org/resource/Ulan-Ude|city
861|Chita|http://dbpedia.org/resource/Chita|city
862|Skolkovo|http://dbpedia.org/resource/Skolkovo|city
863|Saratov|http://dbpedia.org/resource/Saratov|city
864|Izhevsk|http://dbpedia.org/resource/Izhevsk|city
865|Moscow_International_Business_Center|http://dbpedia.org/resource/Moscow_International_Business_Center|city
866|Belgorod|http://dbpedia.org/resource/Belgorod|city
867|Ufa|http://dbpedia.org/resource/Ufa|city
868|Volgograd|http://dbpedia.org/resource/Volgograd|city
869|Zaoksky|http://dbpedia.org/resource/Zaoksky|city
870|Gorno-Altaysk|http://dbpedia.org/resource/Gorno-Altaysk|city
871|Irkutsk|http://dbpedia.org/resource/Irkutsk|city
990|Vitebsk|http://dbpedia.org/resource/Vitebsk|city
991|Baranovichi|http://dbpedia.org/resource/Baranovichi|city
992|Bobruysk|http://dbpedia.org/resource/Bobruysk|city
993|Mogilev|http://dbpedia.org/resource/Mogilev|city
994|Gomel|http://dbpedia.org/resource/Gomel|city
995|Borisov|http://dbpedia.org/resource/Borisov|city
996|Minsk|http://dbpedia.org/resource/Minsk|city
997|Brest|http://dbpedia.org/resource/Brest|city
998|Grodno|http://dbpedia.org/resource/Grodno|city
999|Barysaw|http://dbpedia.org/resource/Barysaw|city
1000|Liège|http://dbpedia.org/resource/Liège|city
1001|Leuven|http://dbpedia.org/resource/Leuven|city
1002|Paris|http://dbpedia.org/resource/Paris|city
1003|Tonbridge|http://dbpedia.org/resource/Tonbridge|city
1004|Antwerp|http://dbpedia.org/resource/Antwerp|city
1005|Ottignies-Louvain-la-Neuve|http://dbpedia.org/resource/Ottignies-Louvain-la-Neuve|city
1006|Canterbury|http://dbpedia.org/resource/Canterbury|city
1007|Medway|http://dbpedia.org/resource/Medway|city
1008|Ghent|http://dbpedia.org/resource/Ghent|city
1009|Brussels|http://dbpedia.org/resource/Brussels|city
1080|Ostrava|http://dbpedia.org/resource/Ostrava|city
1081|Liberec|http://dbpedia.org/resource/Liberec|city
1082|Prague|http://dbpedia.org/resource/Prague|city
1083|Mladá_Boleslav|http://dbpedia.org/resource/Mladá_Boleslav|city
1084|České_Budějovice|http://dbpedia.org/resource/České_Budějovice|city
1085|Ústí_nad_Labem|http://dbpedia.org/resource/Ústí_nad_Labem|city
1086|Hradec_Králové|http://dbpedia.org/resource/Hradec_Králové|city
1087|Brno|http://dbpedia.org/resource/Brno|city
1088|Moravia|http://dbpedia.org/resource/Moravia|city
1089|Olomouc|http://dbpedia.org/resource/Olomouc|city
1110|Southampton|http://dbpedia.org/resource/Southampton|city
1111|Manchester|http://dbpedia.org/resource/Manchester|city
1112|Leicester|http://dbpedia.org/resource/Leicester|city
1113|Newcastle_upon_Tyne|http://dbpedia.org/resource/Newcastle_upon_Tyne|city
1114|Durham|http://dbpedia.org/resource/Durham|city
1115|Birmingham|http://dbpedia.org/resource/Birmingham|city
1116|York|http://dbpedia.org/resource/York|city
1117|Sheffield|http://dbpedia.org/resource/Sheffield|city
1118|Leeds|http://dbpedia.org/resource/Leeds|city
1129|Lyon|http://dbpedia.org/resource/Lyon|city
1130|Toulouse|http://dbpedia.org/resource/Toulouse|city
1131|Montpellier|http://dbpedia.org/resource/Montpellier|city
1132|Lille|http://dbpedia.org/resource/Lille|city
1133|Aix-en-Provence|http://dbpedia.org/resource/Aix-en-Provence|city
1134|Évry|http://dbpedia.org/resource/Évry|city
1135|Nancy|http://dbpedia.org/resource/Nancy|city
1136|Grenoble|http://dbpedia.org/resource/Grenoble|city
1137|Nantes|http://dbpedia.org/resource/Nantes|city
1138|Thessaloniki|http://dbpedia.org/resource/Thessaloniki|city
1139|Kozani|http://dbpedia.org/resource/Kozani|city
1140|Patras|http://dbpedia.org/resource/Patras|city
1141|Kalamata|http://dbpedia.org/resource/Kalamata|city
1142|Athens|http://dbpedia.org/resource/Athens|city
1143|Trikala|http://dbpedia.org/resource/Trikala|city
1144|Crete|http://dbpedia.org/resource/Crete|city
1145|Karditsa|http://dbpedia.org/resource/Karditsa|city
1146|Piraeus|http://dbpedia.org/resource/Piraeus|city
1147|Larissa|http://dbpedia.org/resource/Larissa|city
1148|Győr|http://dbpedia.org/resource/Győr|city
1149|Budapest|http://dbpedia.org/resource/Budapest|city
1150|Szeged|http://dbpedia.org/resource/Szeged|city
1151|Esztergom|http://dbpedia.org/resource/Esztergom|city
1152|Salgótarján|http://dbpedia.org/resource/Salgótarján|city
1153|Zalaegerszeg|http://dbpedia.org/resource/Zalaegerszeg|city
1154|Visonta|http://dbpedia.org/resource/Visonta|city
1155|Debrecen|http://dbpedia.org/resource/Debrecen|city
1156|Veszprém|http://dbpedia.org/resource/Veszprém|city
1157|Piliscsaba|http://dbpedia.org/resource/Piliscsaba|city
1168|Venice|http://dbpedia.org/resource/Venice|city
1169|Pisa|http://dbpedia.org/resource/Pisa|city
1170|Naples|http://dbpedia.org/resource/Naples|city
1171|Trieste|http://dbpedia.org/resource/Trieste|city
1172|Milan|http://dbpedia.org/resource/Milan|city
1173|Rome|http://dbpedia.org/resource/Rome|city
1174|Pavia|http://dbpedia.org/resource/Pavia|city
1175|Florence|http://dbpedia.org/resource/Florence|city
1176|Turin|http://dbpedia.org/resource/Turin|city
1177|Brescia|http://dbpedia.org/resource/Brescia|city
1217|Codru|http://dbpedia.org/resource/Codru|city
1218|Ungheni|http://dbpedia.org/resource/Ungheni|city
1219|Orhei|http://dbpedia.org/resource/Orhei|city
1220|Comrat|http://dbpedia.org/resource/Comrat|city
1221|Cahul|http://dbpedia.org/resource/Cahul|city
1222|Tiraspol|http://dbpedia.org/resource/Tiraspol|city
1223|Chişinău|http://dbpedia.org/resource/Chişinău|city
1224|Balti|http://dbpedia.org/resource/Balti|city
1225|Bender|http://dbpedia.org/resource/Bender|city
1226|Soroca|http://dbpedia.org/resource/Soroca|city
1247|Groningen|http://dbpedia.org/resource/Groningen|city
1248|The_Hague|http://dbpedia.org/resource/The_Hague|city
1249|Heerlen|http://dbpedia.org/resource/Heerlen|city
1250|Leiden|http://dbpedia.org/resource/Leiden|city
1251|Maastricht|http://dbpedia.org/resource/Maastricht|city
1252|Eindhoven|http://dbpedia.org/resource/Eindhoven|city
1253|Utrecht|http://dbpedia.org/resource/Utrecht|city
1254|Amsterdam|http://dbpedia.org/resource/Amsterdam|city
1255|Tilburg|http://dbpedia.org/resource/Tilburg|city
1256|Rotterdam|http://dbpedia.org/resource/Rotterdam|city
1277|Gdańsk|http://dbpedia.org/resource/Gdańsk|city
1278|Szczecin|http://dbpedia.org/resource/Szczecin|city
1279|Wrocław|http://dbpedia.org/resource/Wrocław|city
1280|Radom|http://dbpedia.org/resource/Radom|city
1281|Łódź|http://dbpedia.org/resource/Łódź|city
1282|Katowice|http://dbpedia.org/resource/Katowice|city
1283|Lublin|http://dbpedia.org/resource/Lublin|city
1284|Kraków|http://dbpedia.org/resource/Kraków|city
1285|Poznań|http://dbpedia.org/resource/Poznań|city
1286|Warsaw|http://dbpedia.org/resource/Warsaw|city
1287|Porto|http://dbpedia.org/resource/Porto|city
1288|Steenokkerzeel|http://dbpedia.org/resource/Steenokkerzeel|city
1289|Faro|http://dbpedia.org/resource/Faro|city
1290|Almada|http://dbpedia.org/resource/Almada|city
1291|Braga|http://dbpedia.org/resource/Braga|city
1292|Coimbra|http://dbpedia.org/resource/Coimbra|city
1293|Lisbon|http://dbpedia.org/resource/Lisbon|city
1294|Évora|http://dbpedia.org/resource/Évora|city
1295|Mesa|http://dbpedia.org/resource/Mesa|city
1296|Funchal|http://dbpedia.org/resource/Funchal|city
1305|Bucharest|http://dbpedia.org/resource/Bucharest|city
1306|Cluj-Napoca|http://dbpedia.org/resource/Cluj-Napoca|city
1307|Constanța|http://dbpedia.org/resource/Constanța|city
1308|Iași|http://dbpedia.org/resource/Iași|city
1309|Galați|http://dbpedia.org/resource/Galați|city
1310|Brașov|http://dbpedia.org/resource/Brașov|city
1311|Arad|http://dbpedia.org/resource/Arad|city
1312|Oradea|http://dbpedia.org/resource/Oradea|city
1313|Târgoviște|http://dbpedia.org/resource/Târgoviște|city
1314|Timișoara|http://dbpedia.org/resource/Timișoara|city
1343|Salamanca|http://dbpedia.org/resource/Salamanca|city
1344|Madrid|http://dbpedia.org/resource/Madrid|city
1345|Barcelona|http://dbpedia.org/resource/Barcelona|city
1346|Seville|http://dbpedia.org/resource/Seville|city
1347|Valladolid|http://dbpedia.org/resource/Valladolid|city
1348|Santander|http://dbpedia.org/resource/Santander|city
1349|Vigo|http://dbpedia.org/resource/Vigo|city
1350|San_Sebastián|http://dbpedia.org/resource/San_Sebastián|city
1351|Valencia|http://dbpedia.org/resource/Valencia|city
1352|Bilbao|http://dbpedia.org/resource/Bilbao|city
1363|Rovaniemi|http://dbpedia.org/resource/Rovaniemi|city
1364|Malmö|http://dbpedia.org/resource/Malmö|city
1365|Uppsala|http://dbpedia.org/resource/Uppsala|city
1366|Umeå|http://dbpedia.org/resource/Umeå|city
1367|Borås|http://dbpedia.org/resource/Borås|city
1368|Jönköping|http://dbpedia.org/resource/Jönköping|city
1369|Stockholm|http://dbpedia.org/resource/Stockholm|city
1370|Lund|http://dbpedia.org/resource/Lund|city
1371|Örebro|http://dbpedia.org/resource/Örebro|city
1372|Gothenburg|http://dbpedia.org/resource/Gothenburg|city
1412|Kiev|http://dbpedia.org/resource/Kiev|city
1413|Mykolaiv|http://dbpedia.org/resource/Mykolaiv|city
1414|Dnipropetrovsk|http://dbpedia.org/resource/Dnipropetrovsk|city
1415|Kharkiv|http://dbpedia.org/resource/Kharkiv|city
1416|Uzhhorod|http://dbpedia.org/resource/Uzhhorod|city
1417|Lviv|http://dbpedia.org/resource/Lviv|city
1418|Donetsk|http://dbpedia.org/resource/Donetsk|city
1419|Luhansk|http://dbpedia.org/resource/Luhansk|city
1420|Chernivtsi|http://dbpedia.org/resource/Chernivtsi|city
1421|Odessa|http://dbpedia.org/resource/Odessa|city
1422|Coventry|http://dbpedia.org/resource/Coventry|city
1423|Liverpool|http://dbpedia.org/resource/Liverpool|city
1424|North_Wales|http://dbpedia.org/resource/North_Wales|city
1425|Bristol|http://dbpedia.org/resource/Bristol|city
1456|Europe|http://dbpedia.org/resource/Europe|continent
16|Hong_Kong|http://dbpedia.org/resource/Hong_Kong|country
30|Nicaragua|http://dbpedia.org/resource/Nicaragua|country
27|Mongolia|http://dbpedia.org/resource/Mongolia|country
300|New_Delhi|http://dbpedia.org/resource/New_Delhi|city
877|New_York_City|http://dbpedia.org/resource/New_York_City|city
888|Los_Angeles|http://dbpedia.org/resource/Los_Angeles|city
167|Coimbatore|http://dbpedia.org/resource/Coimbatore|city
903|Tallahassee|http://dbpedia.org/resource/Tallahassee|city
730|Mexico_City|http://dbpedia.org/resource/Mexico_City|city
128|Delhi|http://dbpedia.org/resource/Delhi|city
893|Jacksonville|http://dbpedia.org/resource/Jacksonville|city
894|Orlando|http://dbpedia.org/resource/Orlando|city
446|Beijing|http://dbpedia.org/resource/Beijing|city
1405|Ankara|http://dbpedia.org/resource/Ankara|city
906|Minneapolis|http://dbpedia.org/resource/Minneapolis|city
885|Phoenix|http://dbpedia.org/resource/Phoenix|city
897|Cincinnati|http://dbpedia.org/resource/Cincinnati|city
874|San_Francisco|http://dbpedia.org/resource/San_Francisco|city
873|Nashville|http://dbpedia.org/resource/Nashville|city
900|Baltimore|http://dbpedia.org/resource/Baltimore|city
907|New_Orleans|http://dbpedia.org/resource/New_Orleans|city
901|Houston|http://dbpedia.org/resource/Houston|city
987|Camperdown|http://dbpedia.org/resource/Camperdown|city
285|Guntur|http://dbpedia.org/resource/Guntur|city
274|Thrissur|http://dbpedia.org/resource/Thrissur|city
886|Notre_Damena|http://dbpedia.org/resource/Notre_Damena|city
1357|Colombo|http://dbpedia.org/resource/Colombo|city
882|Columbus|http://dbpedia.org/resource/Columbus|city
1125|Addis_Ababa|http://dbpedia.org/resource/Addis_Ababa|city
304|Thiruvananthapuram|http://dbpedia.org/resource/Thiruvananthapuram|city
254|Salem|http://dbpedia.org/resource/Salem|city
793|Iloilo_City|http://dbpedia.org/resource/Iloilo_City|city
1051|Santiago|http://dbpedia.org/resource/Santiago|city
148|Tiruchirappalli|http://dbpedia.org/resource/Tiruchirappalli|city
121|Bhopal|http://dbpedia.org/resource/Bhopal|city
872|New_Haven|http://dbpedia.org/resource/New_Haven|city
891|Berkeley|http://dbpedia.org/resource/Berkeley|city
889|Ann_Arbor|http://dbpedia.org/resource/Ann_Arbor|city
118|Andhra_Pradesh|http://dbpedia.org/resource/Andhra_Pradesh|city
972|Buenos_Aires|http://dbpedia.org/resource/Buenos_Aires|city
1102|Cairo|http://dbpedia.org/resource/Cairo|city
911|Ithaca|http://dbpedia.org/resource/Ithaca|city
459|Shanghai|http://dbpedia.org/resource/Shanghai|city
1275|Lima|http://dbpedia.org/resource/Lima|city
1026|Hamilton|http://dbpedia.org/resource/Hamilton|city
896|Milwaukee|http://dbpedia.org/resource/Milwaukee|city
582|São_Paulo|http://dbpedia.org/resource/São_Paulo|city
206|Patna|http://dbpedia.org/resource/Patna|city
132|Ahmedabad|http://dbpedia.org/resource/Ahmedabad|city
29|New_Zealand|http://dbpedia.org/resource/New_Zealand|country
62|Australia|http://dbpedia.org/resource/Australia|country
535|Auckland|http://dbpedia.org/resource/Auckland|city
541|Port_Moresby|http://dbpedia.org/resource/Port_Moresby|city
980|Geelong|http://dbpedia.org/resource/Geelong|city
981|Sydney|http://dbpedia.org/resource/Sydney|city
982|Canberra|http://dbpedia.org/resource/Canberra|city
983|Brisbane|http://dbpedia.org/resource/Brisbane|city
984|Melbourne|http://dbpedia.org/resource/Melbourne|city
985|Perth|http://dbpedia.org/resource/Perth|city
986|Darlington|http://dbpedia.org/resource/Darlington|city
988|Parkville|http://dbpedia.org/resource/Parkville|city
989|Adelaide|http://dbpedia.org/resource/Adelaide|city
1459|Australia|http://dbpedia.org/resource/Australia|continent
895|San_Antonio|http://dbpedia.org/resource/San_Antonio|city
1337|Daejeon|http://dbpedia.org/resource/Daejeon|city
881|New_York|http://dbpedia.org/resource/New_York|city
215|Jaipur|http://dbpedia.org/resource/Jaipur|city
908|Cleveland|http://dbpedia.org/resource/Cleveland|city
135|Nagpur|http://dbpedia.org/resource/Nagpur|city
696|Toyota|http://dbpedia.org/resource/Toyota|city
1303|Taipei|http://dbpedia.org/resource/Taipei|city
1359|Peradeniya|http://dbpedia.org/resource/Peradeniya|city
658|Jakarta|http://dbpedia.org/resource/Jakarta|city
1023|Ottawa|http://dbpedia.org/resource/Ottawa|city
809|Los_Baños|http://dbpedia.org/resource/Los_Baños|city
1025|Winnipeg|http://dbpedia.org/resource/Winnipeg|city
209|Tamil_Nadu|http://dbpedia.org/resource/Tamil_Nadu|city
782|Peshawar|http://dbpedia.org/resource/Peshawar|city
824|Sampaloc|http://dbpedia.org/resource/Sampaloc|city
559|Rio_de_Janeiro|http://dbpedia.org/resource/Rio_de_Janeiro|city
1339|Busan|http://dbpedia.org/resource/Busan|city
428|Brooklyn|http://dbpedia.org/resource/Brooklyn|city
244|Madurai|http://dbpedia.org/resource/Madurai|city
694|Tokyo|http://dbpedia.org/resource/Tokyo|city
769|Quetta|http://dbpedia.org/resource/Quetta|city
126|Jammu|http://dbpedia.org/resource/Jammu|city
765|Mirpur|http://dbpedia.org/resource/Mirpur|city
588|Brasília|http://dbpedia.org/resource/Brasília|city
268|Jalpaiguri|http://dbpedia.org/resource/Jalpaiguri|city
192|Bhilai|http://dbpedia.org/resource/Bhilai|city
252|Dehradun|http://dbpedia.org/resource/Dehradun|city
1021|Fredericton|http://dbpedia.org/resource/Fredericton|city
472|Wuhan|http://dbpedia.org/resource/Wuhan|city
159|Bardhaman|http://dbpedia.org/resource/Bardhaman|city
113|Mysore|http://dbpedia.org/resource/Mysore|city
182|Davangere|http://dbpedia.org/resource/Davangere|city
196|Nashik|http://dbpedia.org/resource/Nashik|city
1210|George_Town|http://dbpedia.org/resource/George_Town|city
820|Tacloban|http://dbpedia.org/resource/Tacloban|city
826|Tagbilaran|http://dbpedia.org/resource/Tagbilaran|city
296|Gwalior|http://dbpedia.org/resource/Gwalior|city
930|Móng_Cái|http://dbpedia.org/resource/Móng_Cái|city
1203|Fianarantosa|http://dbpedia.org/resource/Fianarantosa|city
1227|Oujda|http://dbpedia.org/resource/Oujda|city
949|Đà_Lạt|http://dbpedia.org/resource/Đà_Lạt|city
1266|Dosso|http://dbpedia.org/resource/Dosso|city
1197|Ambovombe|http://dbpedia.org/resource/Ambovombe|city
1262|Tahoua|http://dbpedia.org/resource/Tahoua|city
1322|Tambacounda|http://dbpedia.org/resource/Tambacounda|city
1204|Antanifotsy|http://dbpedia.org/resource/Antanifotsy|city
445|Chizhou|http://dbpedia.org/resource/Chizhou|city
464|Chibi|http://dbpedia.org/resource/Chibi|city
1205|Toliara|http://dbpedia.org/resource/Toliara|city
1318|Louga|http://dbpedia.org/resource/Louga|city
968|El_Oued|http://dbpedia.org/resource/El_Oued|city
1199|Mahajanga|http://dbpedia.org/resource/Mahajanga|city
409|Enping|http://dbpedia.org/resource/Enping|city
487|Bazhou|http://dbpedia.org/resource/Bazhou|city
944|Rạch_Giá|http://dbpedia.org/resource/Rạch_Giá|city
1181|Oskemen|http://dbpedia.org/resource/Oskemen|city
1440|Sayyan|http://dbpedia.org/resource/Sayyan|city
436|Anda|http://dbpedia.org/resource/Anda|city
425|Dali|http://dbpedia.org/resource/Dali|city
1444|Luanshya|http://dbpedia.org/resource/Luanshya|city
139|Thirthahalli|http://dbpedia.org/resource/Thirthahalli|city
240|Chetpet|http://dbpedia.org/resource/Chetpet|city
163|Anantapur_district|http://dbpedia.org/resource/Anantapur_district|city
306|Bhagalpur|http://dbpedia.org/resource/Bhagalpur|city
155|Jind|http://dbpedia.org/resource/Jind|city
1105|El_Shorouk|http://dbpedia.org/resource/El_Shorouk|city
257|Shimoga|http://dbpedia.org/resource/Shimoga|city
522|Ma_Liu_Shui|http://dbpedia.org/resource/Ma_Liu_Shui|city
199|Aizawl|http://dbpedia.org/resource/Aizawl|city
579|Ribeirão_Preto|http://dbpedia.org/resource/Ribeirão_Preto|city
1018|Pyin_U_Lwin|http://dbpedia.org/resource/Pyin_U_Lwin|city
310|Zhengzhou|http://dbpedia.org/resource/Zhengzhou|city
1061|Cartagena|http://dbpedia.org/resource/Cartagena|city
1065|Bucaramanga|http://dbpedia.org/resource/Bucaramanga|city
336|Nanning|http://dbpedia.org/resource/Nanning|city
978|Rosario|http://dbpedia.org/resource/Rosario|city
975|San_Martín|http://dbpedia.org/resource/San_Martín|city
1386|Lampang|http://dbpedia.org/resource/Lampang|city
1377|Dar_es_Salaam|http://dbpedia.org/resource/Dar_es_Salaam|city
1211|Penang|http://dbpedia.org/resource/Penang|city
652|Semarang|http://dbpedia.org/resource/Semarang|city
1408|Eskişehir|http://dbpedia.org/resource/Eskişehir|city
226|Haldwani|http://dbpedia.org/resource/Haldwani|city
146|Hamirpur|http://dbpedia.org/resource/Hamirpur|city
767|Taxila|http://dbpedia.org/resource/Taxila|city
721|Villahermosa|http://dbpedia.org/resource/Villahermosa|city
716|Chihuahua|http://dbpedia.org/resource/Chihuahua|city
742|Santa_Catarina|http://dbpedia.org/resource/Santa_Catarina|city
1338|Pohang|http://dbpedia.org/resource/Pohang|city
321|Shenzhen|http://dbpedia.org/resource/Shenzhen|city
689|Nagakute|http://dbpedia.org/resource/Nagakute|city
1334|Seongbuk-gu|http://dbpedia.org/resource/Seongbuk-gu|city
798|Mandaluyong|http://dbpedia.org/resource/Mandaluyong|city
732|Puebla|http://dbpedia.org/resource/Puebla|city
236|Belgaum|http://dbpedia.org/resource/Belgaum|city
686|Fujisawa|http://dbpedia.org/resource/Fujisawa|city
235|Bankura|http://dbpedia.org/resource/Bankura|city
705|Sapporo|http://dbpedia.org/resource/Sapporo|city
134|Haldia|http://dbpedia.org/resource/Haldia|city
208|Bareilly|http://dbpedia.org/resource/Bareilly|city
655|Medan|http://dbpedia.org/resource/Medan|city
698|Bunkyo|http://dbpedia.org/resource/Bunkyo|city
760|Sialkot|http://dbpedia.org/resource/Sialkot|city
293|Nerul|http://dbpedia.org/resource/Nerul|city
286|Kottayam|http://dbpedia.org/resource/Kottayam|city
1442|Sana'a|http://dbpedia.org/resource/Sana'a|city
810|Silang|http://dbpedia.org/resource/Silang|city
144|Cooch_Behar|http://dbpedia.org/resource/Cooch_Behar|city
822|Cavite_City|http://dbpedia.org/resource/Cavite_City|city
1165|Isfahan|http://dbpedia.org/resource/Isfahan|city
830|Malolos|http://dbpedia.org/resource/Malolos|city
1164|Tabriz|http://dbpedia.org/resource/Tabriz|city
804|Laoag|http://dbpedia.org/resource/Laoag|city
221|Jorhat|http://dbpedia.org/resource/Jorhat|city
282|Jabalpur|http://dbpedia.org/resource/Jabalpur|city
251|Rajahmundry|http://dbpedia.org/resource/Rajahmundry|city
534|Windhoek|http://dbpedia.org/resource/Windhoek|city
578|Salvador|http://dbpedia.org/resource/Salvador|city
1245|Kathmandu|http://dbpedia.org/resource/Kathmandu|city
1161|Mashhad|http://dbpedia.org/resource/Mashhad|city
539|Muscat|http://dbpedia.org/resource/Muscat|city
784|Abbottabad|http://dbpedia.org/resource/Abbottabad|city
676|Chiba|http://dbpedia.org/resource/Chiba|city
214|Howrah|http://dbpedia.org/resource/Howrah|city
125|Noida|http://dbpedia.org/resource/Noida|city
258|Kollam|http://dbpedia.org/resource/Kollam|city
151|Gandhinagar|http://dbpedia.org/resource/Gandhinagar|city
283|Faridabad|http://dbpedia.org/resource/Faridabad|city
803|Pasay|http://dbpedia.org/resource/Pasay|city
1059|Concepción|http://dbpedia.org/resource/Concepción|city
243|Patiala|http://dbpedia.org/resource/Patiala|city
364|Mbabane|http://dbpedia.org/resource/Mbabane|city
147|Kanpur|http://dbpedia.org/resource/Kanpur|city
495|Binzhou|http://dbpedia.org/resource/Binzhou|city
1076|Pinar_del_Río|http://dbpedia.org/resource/Pinar_del_Río|city
1073|Jagüey_Grande|http://dbpedia.org/resource/Jagüey_Grande|city
383|Chenzhou|http://dbpedia.org/resource/Chenzhou|city
1192|Nakuru|http://dbpedia.org/resource/Nakuru|city
1071|Marianao|http://dbpedia.org/resource/Marianao|city
486|Anqing|http://dbpedia.org/resource/Anqing|city
1072|Santiago_de_Cuba|http://dbpedia.org/resource/Santiago_de_Cuba|city
467|Qiqihar|http://dbpedia.org/resource/Qiqihar|city
1328|eMalahleni|http://dbpedia.org/resource/eMalahleni|city
507|Shanxi|http://dbpedia.org/resource/Shanxi|city
525|Vientiane|http://dbpedia.org/resource/Vientiane|city
385|Shijiazhuang|http://dbpedia.org/resource/Shijiazhuang|city
746|Cancún|http://dbpedia.org/resource/Cancún|city
423|Yantai|http://dbpedia.org/resource/Yantai|city
348|Xinxiang|http://dbpedia.org/resource/Xinxiang|city
442|Putian|http://dbpedia.org/resource/Putian|city
1239|Balkumari|http://dbpedia.org/resource/Balkumari|city
1229|Marrakech|http://dbpedia.org/resource/Marrakech|city
1327|Saldanha|http://dbpedia.org/resource/Saldanha|city
454|Shihezi|http://dbpedia.org/resource/Shihezi|city
1015|Taungoo|http://dbpedia.org/resource/Taungoo|city
1439|Ta'izz|http://dbpedia.org/resource/Ta'izz|city
1446|Monze|http://dbpedia.org/resource/Monze|city
775|New_Muslim_Town|http://dbpedia.org/resource/New_Muslim_Town|city
1017|Loikaw|http://dbpedia.org/resource/Loikaw|city
1447|Ndola|http://dbpedia.org/resource/Ndola|city
1381|Zanzibar|http://dbpedia.org/resource/Zanzibar|city
956|Kandahar|http://dbpedia.org/resource/Kandahar|city
1271|Jesús_María|http://dbpedia.org/resource/Jesús_María|city
1298|Yongkang_District|http://dbpedia.org/resource/Yongkang_District|city
511|Carmen_Pampa|http://dbpedia.org/resource/Carmen_Pampa|city
1438|Hadhramaut|http://dbpedia.org/resource/Hadhramaut|city
640|Tangerang|http://dbpedia.org/resource/Tangerang|city
773|Tando_Jam|http://dbpedia.org/resource/Tando_Jam|city
780|Major_Cities|http://dbpedia.org/resource/Major_Cities|city
941|Huế|http://dbpedia.org/resource/Huế|city
576|Lorena|http://dbpedia.org/resource/Lorena|city
672|South_Tangerang|http://dbpedia.org/resource/South_Tangerang|city
788|Khyber_Pakhtunkhwa|http://dbpedia.org/resource/Khyber_Pakhtunkhwa|city
635|Gorontalo|http://dbpedia.org/resource/Gorontalo|city
661|Banda_Aceh|http://dbpedia.org/resource/Banda_Aceh|city
575|Bagé|http://dbpedia.org/resource/Bagé|city
761|Ahmedpur_Sial|http://dbpedia.org/resource/Ahmedpur_Sial|city
662|Banjarmasin|http://dbpedia.org/resource/Banjarmasin|city
568|Feira_de_Santana|http://dbpedia.org/resource/Feira_de_Santana|city
1126|Mettu|http://dbpedia.org/resource/Mettu|city
1120|Debre_Marqos|http://dbpedia.org/resource/Debre_Marqos|city
1356|Nugegoda|http://dbpedia.org/resource/Nugegoda|city
469|Huainan|http://dbpedia.org/resource/Huainan|city
961|Batna|http://dbpedia.org/resource/Batna|city
811|Taguig|http://dbpedia.org/resource/Taguig|city
960|Algiers|http://dbpedia.org/resource/Algiers|city
971|Mendoza|http://dbpedia.org/resource/Mendoza|city
799|Tuguegarao|http://dbpedia.org/resource/Tuguegarao|city
821|Cagayan_de_Oro|http://dbpedia.org/resource/Cagayan_de_Oro|city
681|Sagamihara|http://dbpedia.org/resource/Sagamihara|city
680|Hachiōji|http://dbpedia.org/resource/Hachiōji|city
200|Jhansi|http://dbpedia.org/resource/Jhansi|city
302|Durg|http://dbpedia.org/resource/Durg|city
712|Tokushima|http://dbpedia.org/resource/Tokushima|city
265|Ajmer|http://dbpedia.org/resource/Ajmer|city
743|Colima|http://dbpedia.org/resource/Colima|city
766|Swabi|http://dbpedia.org/resource/Swabi|city
748|Tepic|http://dbpedia.org/resource/Tepic|city
952|Lashkar_Gah|http://dbpedia.org/resource/Lashkar_Gah|city
781|Bahria_Town|http://dbpedia.org/resource/Bahria_Town|city
532|Moka|http://dbpedia.org/resource/Moka|city
531|Nouakchott|http://dbpedia.org/resource/Nouakchott|city
1316|Saint-Louis|http://dbpedia.org/resource/Saint-Louis|city
917|Nha_Trang|http://dbpedia.org/resource/Nha_Trang|city
1429|Anzoátegui|http://dbpedia.org/resource/Anzoátegui|city
924|Long_Xuyen|http://dbpedia.org/resource/Long_Xuyen|city
943|Gia_lam|http://dbpedia.org/resource/Gia_lam|city
965|Bab_Ezzouar|http://dbpedia.org/resource/Bab_Ezzouar|city
940|Cần_Thơ|http://dbpedia.org/resource/Cần_Thơ|city
378|Luoyang|http://dbpedia.org/resource/Luoyang|city
923|Nghe_An_province|http://dbpedia.org/resource/Nghe_An_province|city
1119|Dire_Dawa|http://dbpedia.org/resource/Dire_Dawa|city
945|Cua_Lo|http://dbpedia.org/resource/Cua_Lo|city
737|Tlatelolco|http://dbpedia.org/resource/Tlatelolco|city
723|Ciudad_Obregón|http://dbpedia.org/resource/Ciudad_Obregón|city
1353|Kelaniya|http://dbpedia.org/resource/Kelaniya|city
728|Pedro_Escobedo|http://dbpedia.org/resource/Pedro_Escobedo|city
747|Coyoacán|http://dbpedia.org/resource/Coyoacán|city
1232|Ifrane|http://dbpedia.org/resource/Ifrane|city
771|Topi|http://dbpedia.org/resource/Topi|city
1404|Çankaya|http://dbpedia.org/resource/Çankaya|city
1397|Monastir|http://dbpedia.org/resource/Monastir|city
1379|Unguja|http://dbpedia.org/resource/Unguja|city
557|São_Luís|http://dbpedia.org/resource/São_Luís|city
1238|Kirtipur|http://dbpedia.org/resource/Kirtipur|city
1391|Narathiwat|http://dbpedia.org/resource/Narathiwat|city
1398|Sousse|http://dbpedia.org/resource/Sousse|city
1392|La_Marsa|http://dbpedia.org/resource/La_Marsa|city
1395|Sfax|http://dbpedia.org/resource/Sfax|city
452|Hengyang|http://dbpedia.org/resource/Hengyang|city
1244|Lalitpur|http://dbpedia.org/resource/Lalitpur|city
783|Dera_Ismail_Khan|http://dbpedia.org/resource/Dera_Ismail_Khan|city
1427|Barquisimeto|http://dbpedia.org/resource/Barquisimeto|city
550|Kwaluseni|http://dbpedia.org/resource/Kwaluseni|city
331|Yueyang|http://dbpedia.org/resource/Yueyang|city
1360|Ratmalana_Airport|http://dbpedia.org/resource/Ratmalana_Airport|city
418|Lanzhou|http://dbpedia.org/resource/Lanzhou|city
1300|Yunlin_County|http://dbpedia.org/resource/Yunlin_County|city
719|San_Nicolás_de_los_Garza|http://dbpedia.org/resource/San_Nicolás_de_los_Garza|city
1329|Mthatha|http://dbpedia.org/resource/Mthatha|city
552|Dushanbe|http://dbpedia.org/resource/Dushanbe|city
390|Foshan|http://dbpedia.org/resource/Foshan|city
358|Songjiang_District|http://dbpedia.org/resource/Songjiang_District|city
954|Asadabad|http://dbpedia.org/resource/Asadabad|city
1409|Gebze|http://dbpedia.org/resource/Gebze|city
951|Puli_Khumri|http://dbpedia.org/resource/Puli_Khumri|city
1268|Distrito_de_Bellavista|http://dbpedia.org/resource/Distrito_de_Bellavista|city
647|Purwokerto|http://dbpedia.org/resource/Purwokerto|city
664|Pontianak|http://dbpedia.org/resource/Pontianak|city
645|Ciputat|http://dbpedia.org/resource/Ciputat|city
665|Mataram|http://dbpedia.org/resource/Mataram|city
636|West_Java|http://dbpedia.org/resource/West_Java|city
639|Bandar_Lampung|http://dbpedia.org/resource/Bandar_Lampung|city
670|Magelang|http://dbpedia.org/resource/Magelang|city
574|Carangola|http://dbpedia.org/resource/Carangola|city
638|Depok|http://dbpedia.org/resource/Depok|city
1107|Ramadan_City|http://dbpedia.org/resource/Ramadan_City|city
1103|Beni_Suef|http://dbpedia.org/resource/Beni_Suef|city
494|Chengdu|http://dbpedia.org/resource/Chengdu|city
1274|Callao|http://dbpedia.org/resource/Callao|city
1095|Goma|http://dbpedia.org/resource/Goma|city
569|João_Monlevade|http://dbpedia.org/resource/João_Monlevade|city
1019|Meiktila|http://dbpedia.org/resource/Meiktila|city
977|Presidencia_Roque_Sáenz_Peña|http://dbpedia.org/resource/Presidencia_Roque_Sáenz_Peña|city
490|Fuling_District|http://dbpedia.org/resource/Fuling_District|city
561|Passos|http://dbpedia.org/resource/Passos|city
659|Tarakan|http://dbpedia.org/resource/Tarakan|city
1045|Buea|http://dbpedia.org/resource/Buea|city
656|Bengkulu|http://dbpedia.org/resource/Bengkulu|city
668|Badung_Regency|http://dbpedia.org/resource/Badung_Regency|city
973|Various|http://dbpedia.org/resource/Various|city
317|Zhangzhou|http://dbpedia.org/resource/Zhangzhou|city
1190|Kikuyu|http://dbpedia.org/resource/Kikuyu|city
963|El_Harrach|http://dbpedia.org/resource/El_Harrach|city
1191|Kitengela|http://dbpedia.org/resource/Kitengela|city
556|Santos|http://dbpedia.org/resource/Santos|city
759|http://maps.google.com/maps?ll=25.530889,69.017306&spn=0.01,0.01&t=m&q=25.530889,69.017306|http://dbpedia.org/resource/http://maps.google.com/maps?ll=25.530889,69.017306&spn=0.01,0.01&t=m&q=25.530889,69.017306|city
1201|Antananarivo|http://dbpedia.org/resource/Antananarivo|city
1443|Al_Mukalla|http://dbpedia.org/resource/Al_Mukalla|city
1434|Al_Hudaydah|http://dbpedia.org/resource/Al_Hudaydah|city
384|Pudong|http://dbpedia.org/resource/Pudong|city
1128|Jimma|http://dbpedia.org/resource/Jimma|city
1075|Matanzas|http://dbpedia.org/resource/Matanzas|city
1127|Adama|http://dbpedia.org/resource/Adama|city
145|Hubli|http://dbpedia.org/resource/Hubli|city
284|Rupnagar|http://dbpedia.org/resource/Rupnagar|city
245|Karaikudi|http://dbpedia.org/resource/Karaikudi|city
234|English_Bazar|http://dbpedia.org/resource/English_Bazar|city
1090|Kinshasa|http://dbpedia.org/resource/Kinshasa|city
152|Kannur|http://dbpedia.org/resource/Kannur|city
197|Anand|http://dbpedia.org/resource/Anand|city
1213|Wilayah_Persekutuan_Kuala_Lumpur|http://dbpedia.org/resource/Wilayah_Persekutuan_Kuala_Lumpur|city
1212|Selangor|http://dbpedia.org/resource/Selangor|city
731|Querétaro|http://dbpedia.org/resource/Querétaro|city
527|Monrovia|http://dbpedia.org/resource/Monrovia|city
691|Nagasaki|http://dbpedia.org/resource/Nagasaki|city
704|Aichi_Prefecture|http://dbpedia.org/resource/Aichi_Prefecture|city
690|Akita_City|http://dbpedia.org/resource/Akita_City|city
688|Hirosaki|http://dbpedia.org/resource/Hirosaki|city
697|Owariasahi|http://dbpedia.org/resource/Owariasahi|city
707|Hachinohe|http://dbpedia.org/resource/Hachinohe|city
701|Niigata|http://dbpedia.org/resource/Niigata|city
173|Kurukshetra|http://dbpedia.org/resource/Kurukshetra|city
1121|Nekemte|http://dbpedia.org/resource/Nekemte|city
143|Anantapur|http://dbpedia.org/resource/Anantapur|city
1230|Rabat|http://dbpedia.org/resource/Rabat|city
301|Secunderabad|http://dbpedia.org/resource/Secunderabad|city
195|Tiruvallur_district|http://dbpedia.org/resource/Tiruvallur_district|city
201|Serampore|http://dbpedia.org/resource/Serampore|city
247|Bahadurgarh|http://dbpedia.org/resource/Bahadurgarh|city
970|Córdoba|http://dbpedia.org/resource/Córdoba|city
583|Recife|http://dbpedia.org/resource/Recife|city
542|Ponce|http://dbpedia.org/resource/Ponce|city
485|Changsha|http://dbpedia.org/resource/Changsha|city
566|Londrina|http://dbpedia.org/resource/Londrina|city
553|Montevideo|http://dbpedia.org/resource/Montevideo|city
828|San_Miguel|http://dbpedia.org/resource/San_Miguel|city
1270|Arequipa|http://dbpedia.org/resource/Arequipa|city
1355|Matara|http://dbpedia.org/resource/Matara|city
1387|Chiang_Mai|http://dbpedia.org/resource/Chiang_Mai|city
1389|Hat_Yai|http://dbpedia.org/resource/Hat_Yai|city
1259|Abidjan|http://dbpedia.org/resource/Abidjan|city
1033|Ta_Khmau|http://dbpedia.org/resource/Ta_Khmau|city
315|Changji|http://dbpedia.org/resource/Changji|city
438|Changge|http://dbpedia.org/resource/Changge|city
415|Changning|http://dbpedia.org/resource/Changning|city
370|Erenhot|http://dbpedia.org/resource/Erenhot|city
1180|Karagandy|http://dbpedia.org/resource/Karagandy|city
1035|Battambang|http://dbpedia.org/resource/Battambang|city
1187|Oral|http://dbpedia.org/resource/Oral|city
400|Fuquan|http://dbpedia.org/resource/Fuquan|city
1258|Arlit|http://dbpedia.org/resource/Arlit|city
929|Phan_Rang–Tháp_Chàm|http://dbpedia.org/resource/Phan_Rang–Tháp_Chàm|city
408|Chongzhou|http://dbpedia.org/resource/Chongzhou|city
921|Bến|http://dbpedia.org/resource/Bến|city
362|Bazhong|http://dbpedia.org/resource/Bazhong|city
1097|Kananga|http://dbpedia.org/resource/Kananga|city
340|Anguo|http://dbpedia.org/resource/Anguo|city
421|Dazhou|http://dbpedia.org/resource/Dazhou|city
1048|Bamenda|http://dbpedia.org/resource/Bamenda|city
477|Chifeng|http://dbpedia.org/resource/Chifeng|city
927|Mỹ_Tho|http://dbpedia.org/resource/Mỹ_Tho|city
1046|Kumba|http://dbpedia.org/resource/Kumba|city
339|Bei'an|http://dbpedia.org/resource/Bei'an|city
395|Dexing|http://dbpedia.org/resource/Dexing|city
1317|Thies|http://dbpedia.org/resource/Thies|city
328|Baotou|http://dbpedia.org/resource/Baotou|city
373|Dunhua|http://dbpedia.org/resource/Dunhua|city
496|Fuyang,|http://dbpedia.org/resource/Fuyang,|city
380|Dezhou|http://dbpedia.org/resource/Dezhou|city
547|SingaporeCity|http://dbpedia.org/resource/SingaporeCity|city
1179|Aktobe|http://dbpedia.org/resource/Aktobe|city
966|Chief|http://dbpedia.org/resource/Chief|city
481|Dengzhou|http://dbpedia.org/resource/Dengzhou|city
1257|Tessaoua|http://dbpedia.org/resource/Tessaoua|city
335|Dunhuang|http://dbpedia.org/resource/Dunhuang|city
402|Conghua|http://dbpedia.org/resource/Conghua|city
938|Tân_An|http://dbpedia.org/resource/Tân_An|city
1323|Rufisque|http://dbpedia.org/resource/Rufisque|city
429|Botou|http://dbpedia.org/resource/Botou|city
480|Fuding|http://dbpedia.org/resource/Fuding|city
330|Changzhi|http://dbpedia.org/resource/Changzhi|city
457|Gaobeidian|http://dbpedia.org/resource/Gaobeidian|city
419|Beibei_District|http://dbpedia.org/resource/Beibei_District|city
1108|Bilbeis|http://dbpedia.org/resource/Bilbeis|city
1099|Bas-Congo|http://dbpedia.org/resource/Bas-Congo|city
744|Campeche|http://dbpedia.org/resource/Campeche|city
1096|Kisangani|http://dbpedia.org/resource/Kisangani|city
497|Jinan|http://dbpedia.org/resource/Jinan|city
349|Macau|http://dbpedia.org/resource/Macau|city
345|Anshan|http://dbpedia.org/resource/Anshan|city
1098|Lubumbashi|http://dbpedia.org/resource/Lubumbashi|city
1124|Bahir_Dar|http://dbpedia.org/resource/Bahir_Dar|city
440|Nan'an_District|http://dbpedia.org/resource/Nan'an_District|city
1079|Camagüey|http://dbpedia.org/resource/Camagüey|city
1077|Ciego_de_Ávila|http://dbpedia.org/resource/Ciego_de_Ávila|city
1196|Nyeri|http://dbpedia.org/resource/Nyeri|city
594|Contagem|http://dbpedia.org/resource/Contagem|city
1188|Machakos|http://dbpedia.org/resource/Machakos|city
792|Khairpur|http://dbpedia.org/resource/Khairpur|city
754|Khuzdar|http://dbpedia.org/resource/Khuzdar|city
1193|Kitale|http://dbpedia.org/resource/Kitale|city
774|Surat,India|http://dbpedia.org/resource/Surat,India|city
763|Kahuta|http://dbpedia.org/resource/Kahuta|city
757|Nawabshah|http://dbpedia.org/resource/Nawabshah|city
1269|Chorrillos_District|http://dbpedia.org/resource/Chorrillos_District|city
1272|Chosica,Lima|http://dbpedia.org/resource/Chosica,Lima|city
577|Campos_dos_Goytacazes|http://dbpedia.org/resource/Campos_dos_Goytacazes|city
560|Petrópolis|http://dbpedia.org/resource/Petrópolis|city
581|Criciúma|http://dbpedia.org/resource/Criciúma|city
727|Montemorelos|http://dbpedia.org/resource/Montemorelos|city
722|Antón_Lizardo|http://dbpedia.org/resource/Antón_Lizardo|city
447|Haidian_District|http://dbpedia.org/resource/Haidian_District|city
741|Tijuana|http://dbpedia.org/resource/Tijuana|city
1236|Tangier-Tetouan|http://dbpedia.org/resource/Tangier-Tetouan|city
738|Ixtlán_de_Juárez|http://dbpedia.org/resource/Ixtlán_de_Juárez|city
739|Altamira|http://dbpedia.org/resource/Altamira|city
1243|Gwarko|http://dbpedia.org/resource/Gwarko|city
717|Zacapoaxtla|http://dbpedia.org/resource/Zacapoaxtla|city
1237|Nala|http://dbpedia.org/resource/Nala|city
558|Novo_Hamburgo|http://dbpedia.org/resource/Novo_Hamburgo|city
585|Uberlândia|http://dbpedia.org/resource/Uberlândia|city
718|Culiacán|http://dbpedia.org/resource/Culiacán|city
735|Jiquilpan|http://dbpedia.org/resource/Jiquilpan|city
974|Posadas|http://dbpedia.org/resource/Posadas|city
508|Luanda|http://dbpedia.org/resource/Luanda|city
967|Annaba|http://dbpedia.org/resource/Annaba|city
733|Toluca|http://dbpedia.org/resource/Toluca|city
736|Irapuato|http://dbpedia.org/resource/Irapuato|city
587|Serro|http://dbpedia.org/resource/Serro|city
555|Guanhães|http://dbpedia.org/resource/Guanhães|city
580|Lavras|http://dbpedia.org/resource/Lavras|city
648|Samarinda|http://dbpedia.org/resource/Samarinda|city
1010|Taungoo_Township|http://dbpedia.org/resource/Taungoo_Township|city
937|Hung_Yen_province|http://dbpedia.org/resource/Hung_Yen_province|city
1437|Ibb|http://dbpedia.org/resource/Ibb|city
1436|Dhamar|http://dbpedia.org/resource/Dhamar|city
1441|Aden|http://dbpedia.org/resource/Aden|city
1451|Kitwe|http://dbpedia.org/resource/Kitwe|city
474|Yinchuan|http://dbpedia.org/resource/Yinchuan|city
641|Surakarta|http://dbpedia.org/resource/Surakarta|city
396|Zhuhai|http://dbpedia.org/resource/Zhuhai|city
371|Baoding|http://dbpedia.org/resource/Baoding|city
671|West_Papua|http://dbpedia.org/resource/West_Papua|city
654|Central_Jakarta|http://dbpedia.org/resource/Central_Jakarta|city
673|Tegal_Regency|http://dbpedia.org/resource/Tegal_Regency|city
657|Manokwari|http://dbpedia.org/resource/Manokwari|city
663|Jambi_City|http://dbpedia.org/resource/Jambi_City|city
489|Suzhou|http://dbpedia.org/resource/Suzhou|city
666|Jimbaran|http://dbpedia.org/resource/Jimbaran|city
420|Shantou|http://dbpedia.org/resource/Shantou|city
318|Huanggang|http://dbpedia.org/resource/Huanggang|city
389|Taiyuan|http://dbpedia.org/resource/Taiyuan|city
644|Bangkalan|http://dbpedia.org/resource/Bangkalan|city
650|Bali|http://dbpedia.org/resource/Bali|city
1428|Nueva_Esparta|http://dbpedia.org/resource/Nueva_Esparta|city
545|Butare|http://dbpedia.org/resource/Butare|city
1012|Lanmadaw_Township|http://dbpedia.org/resource/Lanmadaw_Township|city
1320|Dakar|http://dbpedia.org/resource/Dakar|city
1013|Mayangone|http://dbpedia.org/resource/Mayangone|city
1036|Borey_Seang_Nam|http://dbpedia.org/resource/Borey_Seang_Nam|city
1362|Batalanda|http://dbpedia.org/resource/Batalanda|city
1043|Bangangté|http://dbpedia.org/resource/Bangangté|city
1375|Morogoro|http://dbpedia.org/resource/Morogoro|city
1376|Mzumbe_morogoro|http://dbpedia.org/resource/Mzumbe_morogoro|city
1384|Pathum_Thani_Province|http://dbpedia.org/resource/Pathum_Thani_Province|city
1382|Nakhon_Pathom_Province|http://dbpedia.org/resource/Nakhon_Pathom_Province|city
1388|Klong_Luang|http://dbpedia.org/resource/Klong_Luang|city
1057|Puerto_Montt|http://dbpedia.org/resource/Puerto_Montt|city
646|Manokwari_Regency|http://dbpedia.org/resource/Manokwari_Regency|city
1401|El_Mourouj|http://dbpedia.org/resource/El_Mourouj|city
1431|Monagas|http://dbpedia.org/resource/Monagas|city
