id|type|name|url
15997|company|Kenya_Airways|http://dbpedia.org/resource/Kenya_Airways
15998|company|East_African_Safari_Air|http://dbpedia.org/resource/East_African_Safari_Air
15999|company|African_Safari_Airways|http://dbpedia.org/resource/African_Safari_Airways
16000|company|Airkenya_Express|http://dbpedia.org/resource/Airkenya_Express
16001|company|Astral_Aviation|http://dbpedia.org/resource/Astral_Aviation
16002|company|African_Express_Airways|http://dbpedia.org/resource/African_Express_Airways
16003|company|748_Air_Services|http://dbpedia.org/resource/748_Air_Services
16004|company|Fly540|http://dbpedia.org/resource/Fly540
16005|company|Safarilink_Aviation|http://dbpedia.org/resource/Safarilink_Aviation
16006|company|Delta_Connection_(Kenya)|http://dbpedia.org/resource/Delta_Connection_(Kenya)
16007|company|CMC_Aviation|http://dbpedia.org/resource/CMC_Aviation
16008|company|ALS_–_Aircraft_Leasing_Services|http://dbpedia.org/resource/ALS_–_Aircraft_Leasing_Services
16145|company|Arik_Niger|http://dbpedia.org/resource/Arik_Niger
16146|company|Escadrille_Nationale_du_Niger|http://dbpedia.org/resource/Escadrille_Nationale_du_Niger
16147|company|Air_Niamey|http://dbpedia.org/resource/Air_Niamey
15533|company|LAN_Airlines|http://dbpedia.org/resource/LAN_Airlines
15534|company|Aerovías_DAP|http://dbpedia.org/resource/Aerovías_DAP
15535|company|Alpine_Air_Express_Chile|http://dbpedia.org/resource/Alpine_Air_Express_Chile
15536|company|Sky_Airline|http://dbpedia.org/resource/Sky_Airline
15537|company|Aerocardal|http://dbpedia.org/resource/Aerocardal
15538|company|Air_Comet_Chile|http://dbpedia.org/resource/Air_Comet_Chile
15539|company|LAN_Express|http://dbpedia.org/resource/LAN_Express
15540|company|DAP_Helicópteros|http://dbpedia.org/resource/DAP_Helicópteros
15541|company|PAL_Airlines|http://dbpedia.org/resource/PAL_Airlines
16039|company|Air_Madagascar|http://dbpedia.org/resource/Air_Madagascar
15577|company|Cubana_de_Aviación|http://dbpedia.org/resource/Cubana_de_Aviación
15578|company|Aero_Caribbean|http://dbpedia.org/resource/Aero_Caribbean
15579|company|Aerogaviota|http://dbpedia.org/resource/Aerogaviota
15628|company|EgyptAir|http://dbpedia.org/resource/EgyptAir
15629|company|Flash_Airlines|http://dbpedia.org/resource/Flash_Airlines
15630|company|Air_Sinai|http://dbpedia.org/resource/Air_Sinai
15631|company|Palestinian_Airlines|http://dbpedia.org/resource/Palestinian_Airlines
15632|company|AMC_Airlines|http://dbpedia.org/resource/AMC_Airlines
15633|company|Air_Memphis|http://dbpedia.org/resource/Air_Memphis
15634|company|Air_Cairo|http://dbpedia.org/resource/Air_Cairo
15635|company|Luxor_Air|http://dbpedia.org/resource/Luxor_Air
15636|company|Lotus_Air|http://dbpedia.org/resource/Lotus_Air
15637|company|Midwest_Airlines_(Egypt)|http://dbpedia.org/resource/Midwest_Airlines_(Egypt)
15638|company|Petroleum_Air_Services|http://dbpedia.org/resource/Petroleum_Air_Services
15639|company|Cairo_Aviation|http://dbpedia.org/resource/Cairo_Aviation
15640|company|EgyptAir_Cargo|http://dbpedia.org/resource/EgyptAir_Cargo
15641|company|EgyptAir_Express|http://dbpedia.org/resource/EgyptAir_Express
15642|company|KoralBlue_Airlines|http://dbpedia.org/resource/KoralBlue_Airlines
15643|company|Alexandria_Airlines|http://dbpedia.org/resource/Alexandria_Airlines
15644|company|Smart_Aviation_Company|http://dbpedia.org/resource/Smart_Aviation_Company
15645|company|Nile_Air|http://dbpedia.org/resource/Nile_Air
15646|company|AlMasria_Universal_Airlines|http://dbpedia.org/resource/AlMasria_Universal_Airlines
15647|company|Air_Italy_Egypt|http://dbpedia.org/resource/Air_Italy_Egypt
15648|company|Tristar_Air|http://dbpedia.org/resource/Tristar_Air
15649|company|Air_Arabia_Egypt|http://dbpedia.org/resource/Air_Arabia_Egypt
15650|company|Nesma_Airlines|http://dbpedia.org/resource/Nesma_Airlines
15281|company|Kam_Air|http://dbpedia.org/resource/Kam_Air
15282|company|Balkh_Airlines|http://dbpedia.org/resource/Balkh_Airlines
15283|company|Khyber_Afghan_Airlines|http://dbpedia.org/resource/Khyber_Afghan_Airlines
15284|company|MarcoPolo_Airways|http://dbpedia.org/resource/MarcoPolo_Airways
15285|company|Pamir_Airways|http://dbpedia.org/resource/Pamir_Airways
15286|company|Bakhtar_Afghan_Airlines|http://dbpedia.org/resource/Bakhtar_Afghan_Airlines
15287|company|Safi_Airways|http://dbpedia.org/resource/Safi_Airways
16848|company|Yemenia|http://dbpedia.org/resource/Yemenia
16849|company|Felix_Airways|http://dbpedia.org/resource/Felix_Airways
15580|company|Czech_Airlines|http://dbpedia.org/resource/Czech_Airlines
15581|company|Travel_Service_Airlines|http://dbpedia.org/resource/Travel_Service_Airlines
15582|company|SmartWings|http://dbpedia.org/resource/SmartWings
15583|company|ABS_Jets|http://dbpedia.org/resource/ABS_Jets
15584|company|Charter_Air|http://dbpedia.org/resource/Charter_Air
15585|company|Central_Connect_Airlines|http://dbpedia.org/resource/Central_Connect_Airlines
15586|company|Euro_Cargo_Air|http://dbpedia.org/resource/Euro_Cargo_Air
15587|company|Grossmann_Jet_Service|http://dbpedia.org/resource/Grossmann_Jet_Service
15588|company|Silver_Air_(Czech_Republic)|http://dbpedia.org/resource/Silver_Air_(Czech_Republic)
16516|company|Scandinavian_Airlines|http://dbpedia.org/resource/Scandinavian_Airlines
16517|company|Linjeflyg|http://dbpedia.org/resource/Linjeflyg
16518|company|FlyNordic|http://dbpedia.org/resource/FlyNordic
16519|company|FlyMe|http://dbpedia.org/resource/FlyMe
16520|company|Golden_Air|http://dbpedia.org/resource/Golden_Air
16521|company|Malmö_Aviation|http://dbpedia.org/resource/Malmö_Aviation
16522|company|TUIfly_Nordic|http://dbpedia.org/resource/TUIfly_Nordic
16523|company|Falcon_Air|http://dbpedia.org/resource/Falcon_Air
16524|company|International_Business_Air|http://dbpedia.org/resource/International_Business_Air
16525|company|Novair|http://dbpedia.org/resource/Novair
16526|company|Nordic_Airways|http://dbpedia.org/resource/Nordic_Airways
16527|company|Barents_AirLink|http://dbpedia.org/resource/Barents_AirLink
16528|company|Skyways_Express|http://dbpedia.org/resource/Skyways_Express
16529|company|SwedJet_Airways|http://dbpedia.org/resource/SwedJet_Airways
16530|company|Viking_Airlines|http://dbpedia.org/resource/Viking_Airlines
16531|company|West_Air_Sweden|http://dbpedia.org/resource/West_Air_Sweden
16532|company|Amapola_Flyg|http://dbpedia.org/resource/Amapola_Flyg
16533|company|Nextjet|http://dbpedia.org/resource/Nextjet
16534|company|Transwede_Airways|http://dbpedia.org/resource/Transwede_Airways
16535|company|Norrlandsflyg|http://dbpedia.org/resource/Norrlandsflyg
16536|company|WaltAir|http://dbpedia.org/resource/WaltAir
16537|company|Scandjet|http://dbpedia.org/resource/Scandjet
16538|company|Avitrans|http://dbpedia.org/resource/Avitrans
16539|company|Nordic_Regional|http://dbpedia.org/resource/Nordic_Regional
16540|company|Höga_Kusten_Flyg|http://dbpedia.org/resource/Höga_Kusten_Flyg
16541|company|JP_Air|http://dbpedia.org/resource/JP_Air
16542|company|Air_Express_Sweden|http://dbpedia.org/resource/Air_Express_Sweden
16543|company|Kullaflyg|http://dbpedia.org/resource/Kullaflyg
16544|company|Sundsvallsflyg|http://dbpedia.org/resource/Sundsvallsflyg
16545|company|Jämtlands_Flyg|http://dbpedia.org/resource/Jämtlands_Flyg
16546|company|MCA_Airlines|http://dbpedia.org/resource/MCA_Airlines
16547|company|Nord-Flyg|http://dbpedia.org/resource/Nord-Flyg
16548|company|Grafair|http://dbpedia.org/resource/Grafair
16549|company|West_Atlantic|http://dbpedia.org/resource/West_Atlantic
16550|company|Air_Sweden|http://dbpedia.org/resource/Air_Sweden
16551|company|Tor_Air|http://dbpedia.org/resource/Tor_Air
16552|company|Flyglinjen|http://dbpedia.org/resource/Flyglinjen
16553|company|Avia_Express|http://dbpedia.org/resource/Avia_Express
16294|company|TAROM|http://dbpedia.org/resource/TAROM
16295|company|Carpatair|http://dbpedia.org/resource/Carpatair
16296|company|Blue_Air|http://dbpedia.org/resource/Blue_Air
16297|company|JeTran_Air|http://dbpedia.org/resource/JeTran_Air
16298|company|Ţiriac_Air|http://dbpedia.org/resource/Ţiriac_Air
16299|company|Romavia|http://dbpedia.org/resource/Romavia
16300|company|Eurojet_Romania|http://dbpedia.org/resource/Eurojet_Romania
16301|company|Medallion_Air|http://dbpedia.org/resource/Medallion_Air
16302|company|Direct_Aero_Services|http://dbpedia.org/resource/Direct_Aero_Services
16303|company|Air_Bucharest|http://dbpedia.org/resource/Air_Bucharest
15542|company|SAM_Colombia|http://dbpedia.org/resource/SAM_Colombia
15543|company|ACES_Colombia|http://dbpedia.org/resource/ACES_Colombia
15544|company|SCADTA|http://dbpedia.org/resource/SCADTA
15545|company|Tampa_Cargo|http://dbpedia.org/resource/Tampa_Cargo
15546|company|AeroSucre|http://dbpedia.org/resource/AeroSucre
15547|company|AeroTACA|http://dbpedia.org/resource/AeroTACA
15548|company|Intercontinental_de_Aviación|http://dbpedia.org/resource/Intercontinental_de_Aviación
15549|company|SATENA|http://dbpedia.org/resource/SATENA
15550|company|West_Caribbean_Airways|http://dbpedia.org/resource/West_Caribbean_Airways
15551|company|Helicol|http://dbpedia.org/resource/Helicol
15552|company|AIRES|http://dbpedia.org/resource/AIRES
15553|company|Avianca_Cargo|http://dbpedia.org/resource/Avianca_Cargo
15554|company|SACO_(Colombia)|http://dbpedia.org/resource/SACO_(Colombia)
15555|company|AeroCóndor|http://dbpedia.org/resource/AeroCóndor
15556|company|Líneas_Aéreas_Suramericanas|http://dbpedia.org/resource/Líneas_Aéreas_Suramericanas
15557|company|Aerolínea_de_Antioquia|http://dbpedia.org/resource/Aerolínea_de_Antioquia
15558|company|APSA_Colombia|http://dbpedia.org/resource/APSA_Colombia
15559|company|Aexpa|http://dbpedia.org/resource/Aexpa
15560|company|Vertical_de_Aviación|http://dbpedia.org/resource/Vertical_de_Aviación
15561|company|SARPA|http://dbpedia.org/resource/SARPA
15562|company|Helicargo|http://dbpedia.org/resource/Helicargo
15563|company|Central_Charter_de_Colombia|http://dbpedia.org/resource/Central_Charter_de_Colombia
15564|company|Cosmos_Air_Cargo|http://dbpedia.org/resource/Cosmos_Air_Cargo
15565|company|SADELCA|http://dbpedia.org/resource/SADELCA
15566|company|Cargo_Express|http://dbpedia.org/resource/Cargo_Express
15567|company|AeroSur_(Colombia)|http://dbpedia.org/resource/AeroSur_(Colombia)
15568|company|Colombian_Air_Cargo|http://dbpedia.org/resource/Colombian_Air_Cargo
15569|company|TAC_Colombia|http://dbpedia.org/resource/TAC_Colombia
15570|company|EasyFly|http://dbpedia.org/resource/EasyFly
15571|company|Líneas_Aéreas_La_Urraca|http://dbpedia.org/resource/Líneas_Aéreas_La_Urraca
15572|company|Copa_Airlines_Colombia|http://dbpedia.org/resource/Copa_Airlines_Colombia
16607|company|Turkish_Airlines|http://dbpedia.org/resource/Turkish_Airlines
16608|company|Air_Anatolia|http://dbpedia.org/resource/Air_Anatolia
16609|company|Fly_Air|http://dbpedia.org/resource/Fly_Air
16610|company|Onur_Air|http://dbpedia.org/resource/Onur_Air
16611|company|SunExpress|http://dbpedia.org/resource/SunExpress
16612|company|Freebird_Airlines|http://dbpedia.org/resource/Freebird_Airlines
16613|company|Pegasus_Airlines|http://dbpedia.org/resource/Pegasus_Airlines
16614|company|Atlasjet|http://dbpedia.org/resource/Atlasjet
16615|company|Inter_Airlines|http://dbpedia.org/resource/Inter_Airlines
16616|company|ULS_Airlines_Cargo|http://dbpedia.org/resource/ULS_Airlines_Cargo
16617|company|Saga_Airlines|http://dbpedia.org/resource/Saga_Airlines
16618|company|Sky_Airlines|http://dbpedia.org/resource/Sky_Airlines
16619|company|Corendon_Airlines|http://dbpedia.org/resource/Corendon_Airlines
16620|company|Bestair|http://dbpedia.org/resource/Bestair
16621|company|IZair|http://dbpedia.org/resource/IZair
16622|company|Tarhan_Tower_Airlines|http://dbpedia.org/resource/Tarhan_Tower_Airlines
16623|company|Birgenair|http://dbpedia.org/resource/Birgenair
16624|company|ACT_Airlines|http://dbpedia.org/resource/ACT_Airlines
16625|company|Golden_International_Airlines|http://dbpedia.org/resource/Golden_International_Airlines
16626|company|Ankair|http://dbpedia.org/resource/Ankair
16627|company|AnadoluJet|http://dbpedia.org/resource/AnadoluJet
16628|company|Sunways|http://dbpedia.org/resource/Sunways
16629|company|Turkuaz_Airlines|http://dbpedia.org/resource/Turkuaz_Airlines
16630|company|Tailwind_Airlines|http://dbpedia.org/resource/Tailwind_Airlines
16631|company|Borajet|http://dbpedia.org/resource/Borajet
15288|company|Air_Algérie|http://dbpedia.org/resource/Air_Algérie
15289|company|Khalifa_Airways|http://dbpedia.org/resource/Khalifa_Airways
15290|company|Tassili_Airlines|http://dbpedia.org/resource/Tassili_Airlines
15291|company|Antinea_Airlines|http://dbpedia.org/resource/Antinea_Airlines
15292|company|Star_Aviation|http://dbpedia.org/resource/Star_Aviation
16009|company|Lao_Airlines|http://dbpedia.org/resource/Lao_Airlines
16010|company|Lao_Air|http://dbpedia.org/resource/Lao_Air
16507|company|SriLankan_Airlines|http://dbpedia.org/resource/SriLankan_Airlines
16508|company|Aero_Lanka|http://dbpedia.org/resource/Aero_Lanka
16509|company|Expo_Aviation|http://dbpedia.org/resource/Expo_Aviation
16510|company|Mihin_Lanka|http://dbpedia.org/resource/Mihin_Lanka
16511|company|Deccan_Lanka|http://dbpedia.org/resource/Deccan_Lanka
16512|company|Swaziland_Airlink|http://dbpedia.org/resource/Swaziland_Airlink
16513|company|Aero_Africa|http://dbpedia.org/resource/Aero_Africa
16514|company|Royal_Swazi_National_Airways|http://dbpedia.org/resource/Royal_Swazi_National_Airways
16515|company|Swazi_Express_Airways|http://dbpedia.org/resource/Swazi_Express_Airways
15573|company|Croatia_Airlines|http://dbpedia.org/resource/Croatia_Airlines
15574|company|Air_Adriatic|http://dbpedia.org/resource/Air_Adriatic
15575|company|Dubrovnik_Airline|http://dbpedia.org/resource/Dubrovnik_Airline
15576|company|Trade_Air|http://dbpedia.org/resource/Trade_Air
16056|company|Air_Mauritanie|http://dbpedia.org/resource/Air_Mauritanie
16057|company|Mauritania_Airways|http://dbpedia.org/resource/Mauritania_Airways
16573|company|Tajik_Air|http://dbpedia.org/resource/Tajik_Air
16574|company|Somon_Air|http://dbpedia.org/resource/Somon_Air
16575|company|East_Air|http://dbpedia.org/resource/East_Air
16576|company|Asia_Airways|http://dbpedia.org/resource/Asia_Airways
16390|company|Silverback_Cargo_Freighters|http://dbpedia.org/resource/Silverback_Cargo_Freighters
16391|company|RwandAir|http://dbpedia.org/resource/RwandAir
20550|university|University_of_Lahore|http://dbpedia.org/resource/University_of_Lahore
20551|university|King_Edward_Medical_University|http://dbpedia.org/resource/King_Edward_Medical_University
20552|university|Kinnaird_College|http://dbpedia.org/resource/Kinnaird_College
20553|university|Hajvery_University|http://dbpedia.org/resource/Hajvery_University
20554|university|Don_Bosco_High_School|http://dbpedia.org/resource/Don_Bosco_High_School
20555|university|Shaikh_Khalifa_Bin_Zayed_Al-Nahyan_Medical_and_Dental_College|http://dbpedia.org/resource/Shaikh_Khalifa_Bin_Zayed_Al-Nahyan_Medical_and_Dental_College
20556|university|Imperial_College_of_Business_Studies|http://dbpedia.org/resource/Imperial_College_of_Business_Studies
20557|university|Lahore_University_of_Management_Sciences|http://dbpedia.org/resource/Lahore_University_of_Management_Sciences
20558|university|Lahore_School_of_Economics|http://dbpedia.org/resource/Lahore_School_of_Economics
20559|university|National_College_of_Arts|http://dbpedia.org/resource/National_College_of_Arts
20560|university|University_of_Management_and_Technology|http://dbpedia.org/resource/University_of_Management_and_Technology
20561|university|Fazaia_Inter_College,_Lahore|http://dbpedia.org/resource/Fazaia_Inter_College,_Lahore
20562|university|University_of_the_Punjab|http://dbpedia.org/resource/University_of_the_Punjab
20563|university|Allama_Iqbal_Medical_College|http://dbpedia.org/resource/Allama_Iqbal_Medical_College
20564|university|Akhtar_Saeed_Medical_and_Dental_College|http://dbpedia.org/resource/Akhtar_Saeed_Medical_and_Dental_College
20651|university|Hailey_College_of_Commerce|http://dbpedia.org/resource/Hailey_College_of_Commerce
20652|university|Centre_for_High_Energy_Physics|http://dbpedia.org/resource/Centre_for_High_Energy_Physics
20653|university|Government_College_University,_Lahore|http://dbpedia.org/resource/Government_College_University,_Lahore
20654|university|Services_Institute_of_Medical_Sciences|http://dbpedia.org/resource/Services_Institute_of_Medical_Sciences
20655|university|Minhaj_International_University|http://dbpedia.org/resource/Minhaj_International_University
20656|university|Fatima_Jinnah_Medical_College|http://dbpedia.org/resource/Fatima_Jinnah_Medical_College
20657|university|Government_College_of_Science,_Lahore|http://dbpedia.org/resource/Government_College_of_Science,_Lahore
20658|university|University_of_Education|http://dbpedia.org/resource/University_of_Education
20659|university|Punjab_University_Law_College|http://dbpedia.org/resource/Punjab_University_Law_College
20660|university|CMH_Lahore_Medical_And_Dental_College|http://dbpedia.org/resource/CMH_Lahore_Medical_And_Dental_College
20661|university|Government_M.A.O_College_Lahore|http://dbpedia.org/resource/Government_M.A.O_College_Lahore
20685|university|The_Sterling_Foundation_School|http://dbpedia.org/resource/The_Sterling_Foundation_School
20686|university|Lahore_Medical_and_Dental_College|http://dbpedia.org/resource/Lahore_Medical_and_Dental_College
20687|university|Hailey_College_of_Banking_&_Finance|http://dbpedia.org/resource/Hailey_College_of_Banking_&_Finance
20688|university|Forman_Christian_College|http://dbpedia.org/resource/Forman_Christian_College
20689|university|National_College_of_Business_Administration_&_Economics|http://dbpedia.org/resource/National_College_of_Business_Administration_&_Economics
20690|university|Pakistan_Navy_War_College|http://dbpedia.org/resource/Pakistan_Navy_War_College
20691|university|Punjab_Institute_of_Computer_Science|http://dbpedia.org/resource/Punjab_Institute_of_Computer_Science
20692|university|University_of_Veterinary_and_Animal_Sciences|http://dbpedia.org/resource/University_of_Veterinary_and_Animal_Sciences
20693|university|Sharif_Medical_&_Dental_College|http://dbpedia.org/resource/Sharif_Medical_&_Dental_College
20728|university|Shalamar_Medical_and_Dental_College|http://dbpedia.org/resource/Shalamar_Medical_and_Dental_College
20729|university|Punjab_University_College_of_Information_Technology|http://dbpedia.org/resource/Punjab_University_College_of_Information_Technology
20730|university|University_College_Lahore|http://dbpedia.org/resource/University_College_Lahore
20731|university|University_of_Health_Sciences_Lahore|http://dbpedia.org/resource/University_of_Health_Sciences_Lahore
20732|university|Dayal_Singh_College,_Lahore|http://dbpedia.org/resource/Dayal_Singh_College,_Lahore
20733|university|University_of_Central_Punjab|http://dbpedia.org/resource/University_of_Central_Punjab
20734|university|University_of_South_Asia,_Lahore|http://dbpedia.org/resource/University_of_South_Asia,_Lahore
20735|university|Beaconhouse_National_University|http://dbpedia.org/resource/Beaconhouse_National_University
20736|university|University_of_Engineering_and_Technology,_Lahore|http://dbpedia.org/resource/University_of_Engineering_and_Technology,_Lahore
20737|university|Institute_of_Management_Sciences,_Lahore|http://dbpedia.org/resource/Institute_of_Management_Sciences,_Lahore
20738|university|Avicenna_Medical_College,_Lahore|http://dbpedia.org/resource/Avicenna_Medical_College,_Lahore
17274|university|New_College,_Toronto|http://dbpedia.org/resource/New_College,_Toronto
17275|university|University_of_Toronto_Scarborough|http://dbpedia.org/resource/University_of_Toronto_Scarborough
17276|university|Glendon_College|http://dbpedia.org/resource/Glendon_College
17285|university|Ontario_Confederation_of_University_Faculty_Associations|http://dbpedia.org/resource/Ontario_Confederation_of_University_Faculty_Associations
17286|university|Council_of_Ontario_Universities|http://dbpedia.org/resource/Council_of_Ontario_Universities
17304|university|Laurier_School_of_Business_&_Economics|http://dbpedia.org/resource/Laurier_School_of_Business_&_Economics
17318|university|University_College,_Toronto|http://dbpedia.org/resource/University_College,_Toronto
17319|university|Osgoode_Hall_Law_School|http://dbpedia.org/resource/Osgoode_Hall_Law_School
17320|university|Rotman_School_of_Management|http://dbpedia.org/resource/Rotman_School_of_Management
17321|university|Emmanuel_College,_Toronto|http://dbpedia.org/resource/Emmanuel_College,_Toronto
17322|university|Knox_College,_Toronto|http://dbpedia.org/resource/Knox_College,_Toronto
17323|university|Trinity_College,_Toronto|http://dbpedia.org/resource/Trinity_College,_Toronto
17324|university|Toronto_School_of_Theology|http://dbpedia.org/resource/Toronto_School_of_Theology
17325|university|Canadian_Memorial_Chiropractic_College|http://dbpedia.org/resource/Canadian_Memorial_Chiropractic_College
17326|university|George_Brown_College|http://dbpedia.org/resource/George_Brown_College
17327|university|Wycliffe_College,_Toronto|http://dbpedia.org/resource/Wycliffe_College,_Toronto
17328|university|OCAD_University|http://dbpedia.org/resource/OCAD_University
17329|university|Rochdale_College|http://dbpedia.org/resource/Rochdale_College
17330|university|The_Michener_Institute|http://dbpedia.org/resource/The_Michener_Institute
17331|university|Max_the_Mutt_Animation_School|http://dbpedia.org/resource/Max_the_Mutt_Animation_School
17369|university|Centennial_College|http://dbpedia.org/resource/Centennial_College
17370|university|Institute_of_Biomaterials_and_Biomedical_Engineering|http://dbpedia.org/resource/Institute_of_Biomaterials_and_Biomedical_Engineering
17371|university|Woodsworth_College,_Toronto|http://dbpedia.org/resource/Woodsworth_College,_Toronto
17372|university|Canadian_College_of_Naturopathic_Medicine|http://dbpedia.org/resource/Canadian_College_of_Naturopathic_Medicine
17373|university|York_University|http://dbpedia.org/resource/York_University
17374|university|Ryerson_University|http://dbpedia.org/resource/Ryerson_University
17375|university|Schulich_School_of_Business|http://dbpedia.org/resource/Schulich_School_of_Business
17376|university|York/Sheridan_Design|http://dbpedia.org/resource/York/Sheridan_Design
17377|university|Victoria_University,_Toronto|http://dbpedia.org/resource/Victoria_University,_Toronto
17378|university|Seneca_College|http://dbpedia.org/resource/Seneca_College
17379|university|Regis_College,_Toronto|http://dbpedia.org/resource/Regis_College,_Toronto
17380|university|University_of_Guelph-Humber|http://dbpedia.org/resource/University_of_Guelph-Humber
17386|university|Higher_Education_Quality_Council_of_Ontario|http://dbpedia.org/resource/Higher_Education_Quality_Council_of_Ontario
17387|university|Maimonides_Schools_for_Jewish_Studies|http://dbpedia.org/resource/Maimonides_Schools_for_Jewish_Studies
17410|university|Massey_College,_Toronto|http://dbpedia.org/resource/Massey_College,_Toronto
17411|university|Humber_College|http://dbpedia.org/resource/Humber_College
17412|university|RCC_Institute_of_Technology|http://dbpedia.org/resource/RCC_Institute_of_Technology
17413|university|Ewart_College|http://dbpedia.org/resource/Ewart_College
17414|university|Innis_College,_Toronto|http://dbpedia.org/resource/Innis_College,_Toronto
17415|university|St._Michael's_College,_Toronto|http://dbpedia.org/resource/St._Michael's_College,_Toronto
17416|university|Collège_des_Grands-Lacs|http://dbpedia.org/resource/Collège_des_Grands-Lacs
17417|university|Charles_O._Bick_College|http://dbpedia.org/resource/Charles_O._Bick_College
17418|university|Vanier_College_at_York_University|http://dbpedia.org/resource/Vanier_College_at_York_University
17422|university|The_Glenn_Gould_School|http://dbpedia.org/resource/The_Glenn_Gould_School
17423|university|Canadian_Payroll_Association|http://dbpedia.org/resource/Canadian_Payroll_Association
17424|university|Canadian_Securities_Institute|http://dbpedia.org/resource/Canadian_Securities_Institute
18287|university|Rajiv_Gandhi_University_of_Health_Sciences|http://dbpedia.org/resource/Rajiv_Gandhi_University_of_Health_Sciences
18293|university|University_Visvesvaraya_College_of_Engineering|http://dbpedia.org/resource/University_Visvesvaraya_College_of_Engineering
22254|university|Simmons_College|http://dbpedia.org/resource/Simmons_College
22255|university|Massachusetts_College_of_Pharmacy_and_Health_Sciences|http://dbpedia.org/resource/Massachusetts_College_of_Pharmacy_and_Health_Sciences
22256|university|Northeastern_University_College_of_Engineering|http://dbpedia.org/resource/Northeastern_University_College_of_Engineering
22257|university|Northeastern_University|http://dbpedia.org/resource/Northeastern_University
22258|university|School_of_the_Museum_of_Fine_Arts,_Boston|http://dbpedia.org/resource/School_of_the_Museum_of_Fine_Arts,_Boston
22259|university|Tufts_University_School_of_Medicine|http://dbpedia.org/resource/Tufts_University_School_of_Medicine
22260|university|Boston_Theological_Institute|http://dbpedia.org/resource/Boston_Theological_Institute
22261|university|Northeastern_University_College_of_Business_Administration|http://dbpedia.org/resource/Northeastern_University_College_of_Business_Administration
22454|university|Boston_Baptist_College|http://dbpedia.org/resource/Boston_Baptist_College
22455|university|Boston_University_School_of_Management|http://dbpedia.org/resource/Boston_University_School_of_Management
22456|university|Boston_University_School_of_Education|http://dbpedia.org/resource/Boston_University_School_of_Education
22457|university|New_England_Conservatory|http://dbpedia.org/resource/New_England_Conservatory
22458|university|Emerson_College|http://dbpedia.org/resource/Emerson_College
22459|university|Northeastern_University_College_of_Computer_and_Information_Science|http://dbpedia.org/resource/Northeastern_University_College_of_Computer_and_Information_Science
22460|university|Tufts_University_School_of_Dental_Medicine|http://dbpedia.org/resource/Tufts_University_School_of_Dental_Medicine
22461|university|Boston_University_School_of_Medicine|http://dbpedia.org/resource/Boston_University_School_of_Medicine
22462|university|Emmanuel_College|http://dbpedia.org/resource/Emmanuel_College
22463|university|Goldman_School_of_Dental_Medicine|http://dbpedia.org/resource/Goldman_School_of_Dental_Medicine
22464|university|Northeastern_University_School_of_Pharmacy|http://dbpedia.org/resource/Northeastern_University_School_of_Pharmacy
22465|university|Boston_University_College_of_Health_and_Rehabilitation_Sciences|http://dbpedia.org/resource/Boston_University_College_of_Health_and_Rehabilitation_Sciences
22628|university|The_Art_Institute_of_Boston|http://dbpedia.org/resource/The_Art_Institute_of_Boston
22629|university|Boston_University_Academy|http://dbpedia.org/resource/Boston_University_Academy
22630|university|Massachusetts_College_of_Art_and_Design|http://dbpedia.org/resource/Massachusetts_College_of_Art_and_Design
22631|university|Lesley_University|http://dbpedia.org/resource/Lesley_University
22632|university|New_England_College_of_Business_and_Finance|http://dbpedia.org/resource/New_England_College_of_Business_and_Finance
22633|university|University_of_Massachusetts_Boston|http://dbpedia.org/resource/University_of_Massachusetts_Boston
22634|university|Harvard_School_of_Public_Health|http://dbpedia.org/resource/Harvard_School_of_Public_Health
22635|university|New_England_College_of_Optometry|http://dbpedia.org/resource/New_England_College_of_Optometry
22636|university|Northeastern_University_School_of_Law|http://dbpedia.org/resource/Northeastern_University_School_of_Law
22637|university|Boston_University_Medical_Campus|http://dbpedia.org/resource/Boston_University_Medical_Campus
22638|university|Boston_State_College|http://dbpedia.org/resource/Boston_State_College
22639|university|North_Bennet_Street_School|http://dbpedia.org/resource/North_Bennet_Street_School
22640|university|Harvard_School_of_Dental_Medicine|http://dbpedia.org/resource/Harvard_School_of_Dental_Medicine
22641|university|Boston_University_Science_and_Engineering_Program|http://dbpedia.org/resource/Boston_University_Science_and_Engineering_Program
22642|university|Labouré_College|http://dbpedia.org/resource/Labouré_College
22643|university|Leland_Powers_School|http://dbpedia.org/resource/Leland_Powers_School
23001|university|Wentworth_Institute_of_Technology|http://dbpedia.org/resource/Wentworth_Institute_of_Technology
23002|university|Boston_University_School_of_Public_Health|http://dbpedia.org/resource/Boston_University_School_of_Public_Health
19881|university|University_of_Tehran|http://dbpedia.org/resource/University_of_Tehran
19882|university|Mechanical_Engineering_Department_of_Amirkabir_University_of_Technology|http://dbpedia.org/resource/Mechanical_Engineering_Department_of_Amirkabir_University_of_Technology
19883|university|Tehran_School_of_Political_Sciences|http://dbpedia.org/resource/Tehran_School_of_Political_Sciences
19884|university|Payame_Noor_University|http://dbpedia.org/resource/Payame_Noor_University
19885|university|Allameh_Tabatabai_University|http://dbpedia.org/resource/Allameh_Tabatabai_University
19886|university|Islamic_Azad_University_Central_Tehran_Branch|http://dbpedia.org/resource/Islamic_Azad_University_Central_Tehran_Branch
19889|university|Sharif_University_of_Technology|http://dbpedia.org/resource/Sharif_University_of_Technology
19894|university|Imam_Hossein_University|http://dbpedia.org/resource/Imam_Hossein_University
19895|university|Shahid_Rajaee_University|http://dbpedia.org/resource/Shahid_Rajaee_University
19898|university|Tarbiat_Modares_University|http://dbpedia.org/resource/Tarbiat_Modares_University
19899|university|Iran_University_of_Science_and_Technology|http://dbpedia.org/resource/Iran_University_of_Science_and_Technology
19900|university|Iran_Broadcasting_College|http://dbpedia.org/resource/Iran_Broadcasting_College
19901|university|University_of_Science_and_Culture|http://dbpedia.org/resource/University_of_Science_and_Culture
19902|university|Institute_for_Studies_in_Theoretical_Physics_and_Mathematics|http://dbpedia.org/resource/Institute_for_Studies_in_Theoretical_Physics_and_Mathematics
19903|university|Shariaty_Technical_College|http://dbpedia.org/resource/Shariaty_Technical_College
19904|university|Iranian_Center_for_Translation_Studies|http://dbpedia.org/resource/Iranian_Center_for_Translation_Studies
19905|university|Islamic_Azad_University,_Science_and_Research_Branch,_Tehran|http://dbpedia.org/resource/Islamic_Azad_University,_Science_and_Research_Branch,_Tehran
19906|university|Imam_Sadiq_University|http://dbpedia.org/resource/Imam_Sadiq_University
19910|university|Petroleum_University_of_Technology|http://dbpedia.org/resource/Petroleum_University_of_Technology
19913|university|Tehran_University_of_Medical_Sciences|http://dbpedia.org/resource/Tehran_University_of_Medical_Sciences
19914|university|Institute_for_Cognitive_Science_Studies|http://dbpedia.org/resource/Institute_for_Cognitive_Science_Studies
19915|university|Iran_University_of_Medical_Sciences|http://dbpedia.org/resource/Iran_University_of_Medical_Sciences
19916|university|Alzahra_University|http://dbpedia.org/resource/Alzahra_University
19917|university|Islamic_Azad_University_North_Tehran_Branch|http://dbpedia.org/resource/Islamic_Azad_University_North_Tehran_Branch
19918|university|Baqiyatallah_University_of_Medical_Sciences|http://dbpedia.org/resource/Baqiyatallah_University_of_Medical_Sciences
19919|university|Shahid_Beheshti_University|http://dbpedia.org/resource/Shahid_Beheshti_University
19920|university|K.N.Toosi_University_of_Technology|http://dbpedia.org/resource/K.N.Toosi_University_of_Technology
19921|university|Iranian_Business_School|http://dbpedia.org/resource/Iranian_Business_School
19927|university|Amirkabir_University_of_Technology|http://dbpedia.org/resource/Amirkabir_University_of_Technology
19928|university|Shamsipour_Technical_and_Professional_University|http://dbpedia.org/resource/Shamsipour_Technical_and_Professional_University
19930|university|Iranian_Mental_Health_Research_Network|http://dbpedia.org/resource/Iranian_Mental_Health_Research_Network
19931|university|Tehran_Psychiatric_Institute|http://dbpedia.org/resource/Tehran_Psychiatric_Institute
19932|university|Avicenna_Research_Institute|http://dbpedia.org/resource/Avicenna_Research_Institute
19933|university|Shahid_Beheshti_University_of_Medical_Sciences|http://dbpedia.org/resource/Shahid_Beheshti_University_of_Medical_Sciences
19934|university|Kharazmi_University|http://dbpedia.org/resource/Kharazmi_University
19935|university|Faculty_of_Agriculture_of_Islamic_azad_university_Science_and_Research_branch|http://dbpedia.org/resource/Faculty_of_Agriculture_of_Islamic_azad_university_Science_and_Research_branch
19940|university|Power_and_Water_University_of_Technology|http://dbpedia.org/resource/Power_and_Water_University_of_Technology
19941|university|Malek-Ashtar_University_of_Technology|http://dbpedia.org/resource/Malek-Ashtar_University_of_Technology
20828|university|Pamantasan_ng_Lungsod_ng_Maynila,_District_Colleges|http://dbpedia.org/resource/Pamantasan_ng_Lungsod_ng_Maynila,_District_Colleges
20868|university|PLM_College_of_Law|http://dbpedia.org/resource/PLM_College_of_Law
20869|university|Polytechnic_University_of_the_Philippines_College_of_Architecture_and_Fine_Arts|http://dbpedia.org/resource/Polytechnic_University_of_the_Philippines_College_of_Architecture_and_Fine_Arts
20870|university|National_University|http://dbpedia.org/resource/National_University
20871|university|PMI_Colleges|http://dbpedia.org/resource/PMI_Colleges
20872|university|Far_Eastern_University_Institute_of_Nursing|http://dbpedia.org/resource/Far_Eastern_University_Institute_of_Nursing
20875|university|Adamson_University|http://dbpedia.org/resource/Adamson_University
20876|university|Universidad_de_San_Ignacio|http://dbpedia.org/resource/Universidad_de_San_Ignacio
20909|university|University_of_Perpetual_Help_System_JONELTA_–_Manila_Campus|http://dbpedia.org/resource/University_of_Perpetual_Help_System_JONELTA_–_Manila_Campus
20910|university|San_Beda_College|http://dbpedia.org/resource/San_Beda_College
20911|university|South_East_Asia_Graduate_School_of_Theology|http://dbpedia.org/resource/South_East_Asia_Graduate_School_of_Theology
20912|university|Espiritu_Santo_Parochial_School|http://dbpedia.org/resource/Espiritu_Santo_Parochial_School
20913|university|Arellano_University_student_life_and_culture|http://dbpedia.org/resource/Arellano_University_student_life_and_culture
20914|university|Centro_Escolar_University|http://dbpedia.org/resource/Centro_Escolar_University
20915|university|Teatro_Tomasino|http://dbpedia.org/resource/Teatro_Tomasino
20916|university|Far_Eastern_University_–_East_Asia_College|http://dbpedia.org/resource/Far_Eastern_University_–_East_Asia_College
21008|university|Don_Bosco_School,_Manila|http://dbpedia.org/resource/Don_Bosco_School,_Manila
21009|university|University_of_the_East|http://dbpedia.org/resource/University_of_the_East
21010|university|Arellano_University|http://dbpedia.org/resource/Arellano_University
21011|university|Far_Eastern_University_Institute_of_Law|http://dbpedia.org/resource/Far_Eastern_University_Institute_of_Law
21012|university|Far_Eastern_University_–_Institute_of_Architecture_and_Fine_Arts|http://dbpedia.org/resource/Far_Eastern_University_–_Institute_of_Architecture_and_Fine_Arts
21013|university|Polytechnic_University_of_the_Philippines_College_of_Computer_Management_and_Information_Technology|http://dbpedia.org/resource/Polytechnic_University_of_the_Philippines_College_of_Computer_Management_and_Information_Technology
21016|university|Pamantasan_ng_Lungsod_ng_Maynila,_Open_University|http://dbpedia.org/resource/Pamantasan_ng_Lungsod_ng_Maynila,_Open_University
21017|university|Technological_Institute_of_the_Philippines|http://dbpedia.org/resource/Technological_Institute_of_the_Philippines
21058|university|Malayan_High_School_of_Science|http://dbpedia.org/resource/Malayan_High_School_of_Science
21059|university|Far_Eastern_University_–_Institute_of_Arts_and_Sciences|http://dbpedia.org/resource/Far_Eastern_University_–_Institute_of_Arts_and_Sciences
21060|university|Far_Eastern_University_–_Institute_of_Accounts,_Business_and_Finance|http://dbpedia.org/resource/Far_Eastern_University_–_Institute_of_Accounts,_Business_and_Finance
21061|university|Santa_Isabel_College,_Manila|http://dbpedia.org/resource/Santa_Isabel_College,_Manila
21062|university|Far_Eastern_University|http://dbpedia.org/resource/Far_Eastern_University
21063|university|Technological_University_of_the_Philippines|http://dbpedia.org/resource/Technological_University_of_the_Philippines
21064|university|Colegio_de_la_Inmaculada_Concepcion_de_la_Concordia|http://dbpedia.org/resource/Colegio_de_la_Inmaculada_Concepcion_de_la_Concordia
21065|university|Philippine_College_of_Health_Sciences,_Inc.|http://dbpedia.org/resource/Philippine_College_of_Health_Sciences,_Inc.
21066|university|Philippine_Women's_University|http://dbpedia.org/resource/Philippine_Women's_University
21067|university|Philippine_Women's_University_–_School_of_Fine_Arts_and_Design|http://dbpedia.org/resource/Philippine_Women's_University_–_School_of_Fine_Arts_and_Design
21070|university|Eulogio_Amang_Rodriguez_Institute_of_Science_and_Technology|http://dbpedia.org/resource/Eulogio_Amang_Rodriguez_Institute_of_Science_and_Technology
21071|university|Universidad_De_Manila|http://dbpedia.org/resource/Universidad_De_Manila
21072|university|Polytechnic_University_of_the_Philippines|http://dbpedia.org/resource/Polytechnic_University_of_the_Philippines
21074|university|Paco_Catholic_School|http://dbpedia.org/resource/Paco_Catholic_School
22225|university|University_of_Florida_College_of_Dentistry|http://dbpedia.org/resource/University_of_Florida_College_of_Dentistry
22226|university|J._Hillis_Miller_Health_Science_Center|http://dbpedia.org/resource/J._Hillis_Miller_Health_Science_Center
22227|university|University_of_Florida_Library_West|http://dbpedia.org/resource/University_of_Florida_Library_West
22228|university|Constans_Theatre|http://dbpedia.org/resource/Constans_Theatre
22229|university|University_of_Florida_Career_Resource_Center|http://dbpedia.org/resource/University_of_Florida_Career_Resource_Center
22230|university|University_of_Florida_Center_for_African_Studies|http://dbpedia.org/resource/University_of_Florida_Center_for_African_Studies
22231|university|University_of_Florida_College_of_Health_and_Human_Performance|http://dbpedia.org/resource/University_of_Florida_College_of_Health_and_Human_Performance
22232|university|Theatre_Strike_Force|http://dbpedia.org/resource/Theatre_Strike_Force
22233|university|Lawton_Chiles_Legal_Information_Center|http://dbpedia.org/resource/Lawton_Chiles_Legal_Information_Center
22234|university|University_of_Florida_Architecture_and_Fine_Arts_Library|http://dbpedia.org/resource/University_of_Florida_Architecture_and_Fine_Arts_Library
22295|university|North_Central_Texas_College|http://dbpedia.org/resource/North_Central_Texas_College
22334|university|University_of_Florida_College_of_Education|http://dbpedia.org/resource/University_of_Florida_College_of_Education
22416|university|Santa_Fe_College|http://dbpedia.org/resource/Santa_Fe_College
22417|university|P.K._Yonge_Developmental_Research_School|http://dbpedia.org/resource/P.K._Yonge_Developmental_Research_School
22418|university|University_of_Florida_Center_for_Latin_American_Studies|http://dbpedia.org/resource/University_of_Florida_Center_for_Latin_American_Studies
22419|university|Emerging_Pathogens_Institute|http://dbpedia.org/resource/Emerging_Pathogens_Institute
22420|university|Florida_Institute_for_Sustainable_Energy|http://dbpedia.org/resource/Florida_Institute_for_Sustainable_Energy
22421|university|University_Press_of_Florida|http://dbpedia.org/resource/University_Press_of_Florida
22422|university|UF_Training_Reactor|http://dbpedia.org/resource/UF_Training_Reactor
22423|university|University_of_Florida_College_of_Pharmacy|http://dbpedia.org/resource/University_of_Florida_College_of_Pharmacy
22424|university|Applied_Physics_Research_Group|http://dbpedia.org/resource/Applied_Physics_Research_Group
22589|university|University_of_Florida_College_of_Fine_Arts|http://dbpedia.org/resource/University_of_Florida_College_of_Fine_Arts
22590|university|Plaza_of_the_Americas|http://dbpedia.org/resource/Plaza_of_the_Americas
22591|university|University_of_Florida_International_Center|http://dbpedia.org/resource/University_of_Florida_International_Center
22592|university|Warrington_College_of_Business_Administration|http://dbpedia.org/resource/Warrington_College_of_Business_Administration
22593|university|University_of_Florida_College_of_Veterinary_Medicine|http://dbpedia.org/resource/University_of_Florida_College_of_Veterinary_Medicine
22594|university|University_of_Florida_College_of_Nursing|http://dbpedia.org/resource/University_of_Florida_College_of_Nursing
22595|university|University_of_Florida_student_housing|http://dbpedia.org/resource/University_of_Florida_student_housing
22596|university|University_of_Florida_Marston_Science_Library|http://dbpedia.org/resource/University_of_Florida_Marston_Science_Library
22597|university|University_of_Florida_Leadership_&_Education_Foundation,_Inc.|http://dbpedia.org/resource/University_of_Florida_Leadership_&_Education_Foundation,_Inc.
22598|university|University_of_Florida_College_of_Agricultural_and_Life_Sciences|http://dbpedia.org/resource/University_of_Florida_College_of_Agricultural_and_Life_Sciences
22599|university|Grooveshark_University|http://dbpedia.org/resource/Grooveshark_University
22969|university|University_of_Florida_College_of_Public_Health_and_Health_Professions|http://dbpedia.org/resource/University_of_Florida_College_of_Public_Health_and_Health_Professions
22973|university|University_of_Florida|http://dbpedia.org/resource/University_of_Florida
22974|university|University_of_Florida_College_of_Engineering|http://dbpedia.org/resource/University_of_Florida_College_of_Engineering
22975|university|MacroCenter|http://dbpedia.org/resource/MacroCenter
22976|university|University_of_Florida_Alumni_Association|http://dbpedia.org/resource/University_of_Florida_Alumni_Association
22977|university|University_of_Florida_Division_of_Continuing_Education|http://dbpedia.org/resource/University_of_Florida_Division_of_Continuing_Education
22978|university|University_of_Florida_Athletic_Association|http://dbpedia.org/resource/University_of_Florida_Athletic_Association
16674|company|Flybe|http://dbpedia.org/resource/Flybe
16677|company|British_Caledonian|http://dbpedia.org/resource/British_Caledonian
16678|company|Bmibaby|http://dbpedia.org/resource/Bmibaby
16680|company|British_Mediterranean_Airways|http://dbpedia.org/resource/British_Mediterranean_Airways
16681|company|Jet2.com|http://dbpedia.org/resource/Jet2.com
16682|company|Britannia_Airways|http://dbpedia.org/resource/Britannia_Airways
16689|company|Air_Atlantique|http://dbpedia.org/resource/Air_Atlantique
16690|company|Atlantic_Airlines_(United_Kingdom)|http://dbpedia.org/resource/Atlantic_Airlines_(United_Kingdom)
16691|company|Coyne_Airways|http://dbpedia.org/resource/Coyne_Airways
16695|company|Flyjet|http://dbpedia.org/resource/Flyjet
16697|company|City_Star_Airlines|http://dbpedia.org/resource/City_Star_Airlines
16699|company|Airtours_International_Airways|http://dbpedia.org/resource/Airtours_International_Airways
16700|company|British_International_Helicopters|http://dbpedia.org/resource/British_International_Helicopters
16706|company|BA_CityFlyer|http://dbpedia.org/resource/BA_CityFlyer
16710|company|Zoom_Airlines_Limited|http://dbpedia.org/resource/Zoom_Airlines_Limited
15813|company|Malév_Hungarian_Airlines|http://dbpedia.org/resource/Malév_Hungarian_Airlines
15814|company|Wizz_Air|http://dbpedia.org/resource/Wizz_Air
15815|company|Travel_Service_(Hungary)|http://dbpedia.org/resource/Travel_Service_(Hungary)
15816|company|Budapest_Aircraft_Service|http://dbpedia.org/resource/Budapest_Aircraft_Service
15817|company|ABC_Air_Hungary|http://dbpedia.org/resource/ABC_Air_Hungary
15818|company|CityLine_Hungary|http://dbpedia.org/resource/CityLine_Hungary
16291|company|Palair|http://dbpedia.org/resource/Palair
17061|university|Khazar_University_School_of_Humanities_and_Social_Sciences|http://dbpedia.org/resource/Khazar_University_School_of_Humanities_and_Social_Sciences
17062|university|Dunya_School|http://dbpedia.org/resource/Dunya_School
17063|university|Azerbaijan_State_University_of_Culture_and_Arts|http://dbpedia.org/resource/Azerbaijan_State_University_of_Culture_and_Arts
17064|university|Azerbaijan_Medical_University|http://dbpedia.org/resource/Azerbaijan_Medical_University
17065|university|The_School_of_Education,_Khazar_University|http://dbpedia.org/resource/The_School_of_Education,_Khazar_University
17066|university|Azerbaijan_State_Marine_Academy|http://dbpedia.org/resource/Azerbaijan_State_Marine_Academy
17067|university|Azerbaijan_International_University|http://dbpedia.org/resource/Azerbaijan_International_University
17068|university|The_School_of_Economics_and_Management,_Khazar_University|http://dbpedia.org/resource/The_School_of_Economics_and_Management,_Khazar_University
17069|university|Khazar_University|http://dbpedia.org/resource/Khazar_University
17070|university|Baku_Polytechnicum|http://dbpedia.org/resource/Baku_Polytechnicum
17071|university|Azerbaijan_University_of_Languages|http://dbpedia.org/resource/Azerbaijan_University_of_Languages
17072|university|Azerbaijan_Diplomatic_Academy|http://dbpedia.org/resource/Azerbaijan_Diplomatic_Academy
17073|university|Western_University|http://dbpedia.org/resource/Western_University
17074|university|Baku_Academy_of_Music|http://dbpedia.org/resource/Baku_Academy_of_Music
17075|university|Azerbaijan_State_Economic_University|http://dbpedia.org/resource/Azerbaijan_State_Economic_University
17076|university|Jamshid_Nakhichevanski_Military_Lyceum|http://dbpedia.org/resource/Jamshid_Nakhichevanski_Military_Lyceum
17077|university|Academy_of_Public_Administration|http://dbpedia.org/resource/Academy_of_Public_Administration
17078|university|Baku_State_University|http://dbpedia.org/resource/Baku_State_University
17079|university|Azerbaijan_Architecture_and_Construction_University|http://dbpedia.org/resource/Azerbaijan_Architecture_and_Construction_University
17080|university|Azerbaijan_Technical_University|http://dbpedia.org/resource/Azerbaijan_Technical_University
17495|university|Xi'an_Polytechnic_University|http://dbpedia.org/resource/Xi'an_Polytechnic_University
22166|university|University_of_Missouri_System|http://dbpedia.org/resource/University_of_Missouri_System
22244|university|St._Louis_Community_College-Forest_Park|http://dbpedia.org/resource/St._Louis_Community_College-Forest_Park
22245|university|Concordia_Seminary|http://dbpedia.org/resource/Concordia_Seminary
22246|university|Saint_Louis_University_College_of_Arts_and_Sciences|http://dbpedia.org/resource/Saint_Louis_University_College_of_Arts_and_Sciences
22247|university|John_Cook_School_of_Business|http://dbpedia.org/resource/John_Cook_School_of_Business
22248|university|Aquinas_Institute_of_Theology|http://dbpedia.org/resource/Aquinas_Institute_of_Theology
22249|university|St._Louis_Community_College-Meramec|http://dbpedia.org/resource/St._Louis_Community_College-Meramec
22441|university|St._Louis_Community_College|http://dbpedia.org/resource/St._Louis_Community_College
22442|university|Saint_Louis_University_School_of_Public_Health|http://dbpedia.org/resource/Saint_Louis_University_School_of_Public_Health
22443|university|Arts_and_Sciences_at_Washington_University_in_St._Louis|http://dbpedia.org/resource/Arts_and_Sciences_at_Washington_University_in_St._Louis
22444|university|St._Louis_College_of_Pharmacy|http://dbpedia.org/resource/St._Louis_College_of_Pharmacy
22445|university|Saint_Louis_University_School_for_Professional_Studies|http://dbpedia.org/resource/Saint_Louis_University_School_for_Professional_Studies
22446|university|Parks_College_of_Engineering,_Aviation_and_Technology|http://dbpedia.org/resource/Parks_College_of_Engineering,_Aviation_and_Technology
22447|university|Patricia_Stevens_College|http://dbpedia.org/resource/Patricia_Stevens_College
22620|university|George_Warren_Brown_School_of_Social_Work|http://dbpedia.org/resource/George_Warren_Brown_School_of_Social_Work
22621|university|Saint_Louis_University|http://dbpedia.org/resource/Saint_Louis_University
22622|university|Missouri_Baptist_University|http://dbpedia.org/resource/Missouri_Baptist_University
22623|university|Washington_University_Medical_Center|http://dbpedia.org/resource/Washington_University_Medical_Center
22812|university|Washington_University_School_of_Dental_Medicine|http://dbpedia.org/resource/Washington_University_School_of_Dental_Medicine
22992|university|Olin_Business_School|http://dbpedia.org/resource/Olin_Business_School
22993|university|Washington_University_School_of_Engineering_and_Applied_Science|http://dbpedia.org/resource/Washington_University_School_of_Engineering_and_Applied_Science
22994|university|Washington_University_School_of_Medicine|http://dbpedia.org/resource/Washington_University_School_of_Medicine
22995|university|Saint_Louis_University_School_of_Social_Work|http://dbpedia.org/resource/Saint_Louis_University_School_of_Social_Work
22996|university|Harris–Stowe_State_University|http://dbpedia.org/resource/Harris–Stowe_State_University
22997|university|Covenant_Theological_Seminary|http://dbpedia.org/resource/Covenant_Theological_Seminary
17852|university|Victoria_University_of_Manchester|http://dbpedia.org/resource/Victoria_University_of_Manchester
17870|university|School_of_Medicine,_University_of_Manchester|http://dbpedia.org/resource/School_of_Medicine,_University_of_Manchester
17901|university|Manchester_Business_School|http://dbpedia.org/resource/Manchester_Business_School
21947|university|Nazarene_Theological_College|http://dbpedia.org/resource/Nazarene_Theological_College
21955|university|Manchester_Metropolitan_University_Business_School|http://dbpedia.org/resource/Manchester_Metropolitan_University_Business_School
22030|university|Victoria_University_of_Manchester|http://dbpedia.org/resource/Victoria_University_of_Manchester
22031|university|School_of_Computer_Science,_University_of_Manchester|http://dbpedia.org/resource/School_of_Computer_Science,_University_of_Manchester
22045|university|Manchester_Business_School|http://dbpedia.org/resource/Manchester_Business_School
22046|university|University_of_Manchester|http://dbpedia.org/resource/University_of_Manchester
22141|university|Southern_New_Hampshire_University|http://dbpedia.org/resource/Southern_New_Hampshire_University
22325|university|Manchester_Community_College|http://dbpedia.org/resource/Manchester_Community_College
22876|university|New_Hampshire_Institute_of_Art|http://dbpedia.org/resource/New_Hampshire_Institute_of_Art
22877|university|University_of_New_Hampshire_at_Manchester|http://dbpedia.org/resource/University_of_New_Hampshire_at_Manchester
22878|university|Hesser_College|http://dbpedia.org/resource/Hesser_College
21917|university|Dnipropetrovsk_National_University|http://dbpedia.org/resource/Dnipropetrovsk_National_University
21918|university|Alfred_Nobel_University,_Dnipropetrovs'k,_Ukraine|http://dbpedia.org/resource/Alfred_Nobel_University,_Dnipropetrovs'k,_Ukraine
21919|university|National_Mining_University_of_Ukraine|http://dbpedia.org/resource/National_Mining_University_of_Ukraine
21929|university|Prydniprovska_State_Academy_of_Civil_Engineering_and_Architecture|http://dbpedia.org/resource/Prydniprovska_State_Academy_of_Civil_Engineering_and_Architecture
21732|university|Hsuan_Chuang_University|http://dbpedia.org/resource/Hsuan_Chuang_University
21733|university|Chung_Hua_University|http://dbpedia.org/resource/Chung_Hua_University
21736|university|National_Tsing_Hua_University|http://dbpedia.org/resource/National_Tsing_Hua_University
21737|university|National_Chiao_Tung_University|http://dbpedia.org/resource/National_Chiao_Tung_University
21920|university|OSEU|http://dbpedia.org/resource/OSEU
21921|university|Odessa_National_Polytechnic_University|http://dbpedia.org/resource/Odessa_National_Polytechnic_University
21930|university|Odessa_University|http://dbpedia.org/resource/Odessa_University
21946|university|Odessa_State_Medical_University|http://dbpedia.org/resource/Odessa_State_Medical_University
22159|university|Odessa_College|http://dbpedia.org/resource/Odessa_College
22897|university|University_of_Texas_of_the_Permian_Basin|http://dbpedia.org/resource/University_of_Texas_of_the_Permian_Basin
20842|university|San_Carlos_Seminary|http://dbpedia.org/resource/San_Carlos_Seminary
20843|university|University_of_Makati|http://dbpedia.org/resource/University_of_Makati
20953|university|Asian_Institute_of_Management|http://dbpedia.org/resource/Asian_Institute_of_Management
20985|university|Asia_Pacific_College|http://dbpedia.org/resource/Asia_Pacific_College
20986|university|Saint_Paul_College_of_Makati|http://dbpedia.org/resource/Saint_Paul_College_of_Makati
21030|university|Asian_Seminary_of_Christian_Ministries|http://dbpedia.org/resource/Asian_Seminary_of_Christian_Ministries
18304|university|A.V.V.M_Sri_Pushpam_college|http://dbpedia.org/resource/A.V.V.M_Sri_Pushpam_college
18305|university|Shanmugha_Arts,_Science,_Technology_&_Research_Academy|http://dbpedia.org/resource/Shanmugha_Arts,_Science,_Technology_&_Research_Academy
19231|university|Parisutham_Institute_of_Technology_and_Science|http://dbpedia.org/resource/Parisutham_Institute_of_Technology_and_Science
19508|university|Rajah_Serfoji_Government_Arts_College|http://dbpedia.org/resource/Rajah_Serfoji_Government_Arts_College
19509|university|Kunthavai_Nachiaar_College|http://dbpedia.org/resource/Kunthavai_Nachiaar_College
19510|university|Bonsecours_College_for_Women|http://dbpedia.org/resource/Bonsecours_College_for_Women
21714|university|National_University_of_Tainan|http://dbpedia.org/resource/National_University_of_Tainan
21719|university|NCKU_IMBA|http://dbpedia.org/resource/NCKU_IMBA
21726|university|Chang_Jung_Christian_University|http://dbpedia.org/resource/Chang_Jung_Christian_University
21727|university|National_Cheng_Kung_University|http://dbpedia.org/resource/National_Cheng_Kung_University
21728|university|Southern_Taiwan_University_of_Technology|http://dbpedia.org/resource/Southern_Taiwan_University_of_Technology
21739|university|Chia_Nan_University_of_Pharmacy_&_Science|http://dbpedia.org/resource/Chia_Nan_University_of_Pharmacy_&_Science
20045|university|Senshu_University|http://dbpedia.org/resource/Senshu_University
20046|university|Meiji_University|http://dbpedia.org/resource/Meiji_University
20090|university|Otsuma_Women's_University_Junior_College_Division|http://dbpedia.org/resource/Otsuma_Women's_University_Junior_College_Division
20135|university|Kyoritsu_Women's_Junior_College|http://dbpedia.org/resource/Kyoritsu_Women's_Junior_College
20170|university|Sophia_University|http://dbpedia.org/resource/Sophia_University
20171|university|Nihon_University|http://dbpedia.org/resource/Nihon_University
17902|university|Liverpool_Business_School|http://dbpedia.org/resource/Liverpool_Business_School
17903|university|Liverpool_Dental_School|http://dbpedia.org/resource/Liverpool_Dental_School
21978|university|I_M_Marsh_Campus|http://dbpedia.org/resource/I_M_Marsh_Campus
21979|university|University_of_Liverpool_School_of_Veterinary_Science|http://dbpedia.org/resource/University_of_Liverpool_School_of_Veterinary_Science
22035|university|The_School_of_Archaeology,_Classics_and_Egyptology|http://dbpedia.org/resource/The_School_of_Archaeology,_Classics_and_Egyptology
22048|university|Liverpool_Dental_School|http://dbpedia.org/resource/Liverpool_Dental_School
18406|university|State_Council_for_Technical_Education_&_Vocational_Training|http://dbpedia.org/resource/State_Council_for_Technical_Education_&_Vocational_Training
18949|university|Rajendra_College_Balangir|http://dbpedia.org/resource/Rajendra_College_Balangir
19321|university|Sanjay_Memorial_Institute_of_Technology|http://dbpedia.org/resource/Sanjay_Memorial_Institute_of_Technology
19617|university|Ravenshaw_University|http://dbpedia.org/resource/Ravenshaw_University
19618|university|College_of_Agricultural_Engineering_&_Technology,_Bhubaneswar|http://dbpedia.org/resource/College_of_Agricultural_Engineering_&_Technology,_Bhubaneswar
19619|university|Ghanashyama_Hemalata_Institute_of_Technology_and_Management|http://dbpedia.org/resource/Ghanashyama_Hemalata_Institute_of_Technology_and_Management
21222|university|Technical_Military_Academy_of_Bucharest|http://dbpedia.org/resource/Technical_Military_Academy_of_Bucharest
21223|university|National_Academy_of_Physical_Education_and_Sport|http://dbpedia.org/resource/National_Academy_of_Physical_Education_and_Sport
21235|university|Carol_Davila_University_of_Medicine_and_Pharmacy|http://dbpedia.org/resource/Carol_Davila_University_of_Medicine_and_Pharmacy
21249|university|Politehnica_University_of_Bucharest|http://dbpedia.org/resource/Politehnica_University_of_Bucharest
21250|university|University_of_Bucharest|http://dbpedia.org/resource/University_of_Bucharest
21253|university|Caragiale_Academy_of_Theatrical_Arts_and_Cinematography|http://dbpedia.org/resource/Caragiale_Academy_of_Theatrical_Arts_and_Cinematography
21254|university|National_University_of_Music_Bucharest|http://dbpedia.org/resource/National_University_of_Music_Bucharest
21255|university|Carol_I_National_Defence_University|http://dbpedia.org/resource/Carol_I_National_Defence_University
18509|university|Bengal_College_of_Engineering_&_Technology|http://dbpedia.org/resource/Bengal_College_of_Engineering_&_Technology
18510|university|Michael_Madhusudan_Memorial_College|http://dbpedia.org/resource/Michael_Madhusudan_Memorial_College
18840|university|Durgapur_Government_College|http://dbpedia.org/resource/Durgapur_Government_College
18841|university|National_Institute_of_Technology,_Durgapur|http://dbpedia.org/resource/National_Institute_of_Technology,_Durgapur
18842|university|Dr._B.C._Roy_Engineering_College,_Durgapur|http://dbpedia.org/resource/Dr._B.C._Roy_Engineering_College,_Durgapur
18843|university|Durgapur_Women's_College|http://dbpedia.org/resource/Durgapur_Women's_College
19192|university|Aryabhatta_Institute_of_Engineering_and_Management|http://dbpedia.org/resource/Aryabhatta_Institute_of_Engineering_and_Management
19486|university|Department_of_Computer_Applications,_NSHM_Knowledge_Campus|http://dbpedia.org/resource/Department_of_Computer_Applications,_NSHM_Knowledge_Campus
19487|university|Aryabhatta_Institute_of_Engineering_&_Management_Durgapur|http://dbpedia.org/resource/Aryabhatta_Institute_of_Engineering_&_Management_Durgapur
21705|university|International_University_in_Geneva|http://dbpedia.org/resource/International_University_in_Geneva
21706|university|Geneva_University_of_Music|http://dbpedia.org/resource/Geneva_University_of_Music
21707|university|Geneva_Business_School|http://dbpedia.org/resource/Geneva_Business_School
21708|university|Institut_de_Finance_et_Management|http://dbpedia.org/resource/Institut_de_Finance_et_Management
21710|university|Webster_University_Geneva|http://dbpedia.org/resource/Webster_University_Geneva
21711|university|University_of_Geneva|http://dbpedia.org/resource/University_of_Geneva
21712|university|Graduate_Institute_of_International_and_Development_Studies|http://dbpedia.org/resource/Graduate_Institute_of_International_and_Development_Studies
22810|university|Geneva_Medical_College|http://dbpedia.org/resource/Geneva_Medical_College
23086|university|Hobart_and_William_Smith_Colleges|http://dbpedia.org/resource/Hobart_and_William_Smith_Colleges
20047|university|Nanzan_University|http://dbpedia.org/resource/Nanzan_University
20048|university|Nagoya_City_University|http://dbpedia.org/resource/Nagoya_City_University
20049|university|Nagoya_Gakuin_University|http://dbpedia.org/resource/Nagoya_Gakuin_University
20050|university|Toyota_Technological_Institute|http://dbpedia.org/resource/Toyota_Technological_Institute
20092|university|Sugiyama_Jogakuen_University_Junior_College|http://dbpedia.org/resource/Sugiyama_Jogakuen_University_Junior_College
20136|university|Nagoya_Women's_University|http://dbpedia.org/resource/Nagoya_Women's_University
20137|university|Nagoya_Institute_of_Technology|http://dbpedia.org/resource/Nagoya_Institute_of_Technology
20138|university|Nagoya_University|http://dbpedia.org/resource/Nagoya_University
20174|university|Tokai_Gakuen_Women's_College|http://dbpedia.org/resource/Tokai_Gakuen_Women's_College
18535|university|National_Institute_of_Fashion_Technology_Shillong|http://dbpedia.org/resource/National_Institute_of_Fashion_Technology_Shillong
18536|university|National_Institute_of_Technology_Meghalaya|http://dbpedia.org/resource/National_Institute_of_Technology_Meghalaya
19352|university|St._Anthony's_College,_Shillong|http://dbpedia.org/resource/St._Anthony's_College,_Shillong
19353|university|Eastern_Fare_Music_Foundation|http://dbpedia.org/resource/Eastern_Fare_Music_Foundation
19354|university|Shillong_Polytechnic|http://dbpedia.org/resource/Shillong_Polytechnic
19355|university|Women's_College,_Shillong|http://dbpedia.org/resource/Women's_College,_Shillong
19656|university|Indian_Institute_of_Management_Shillong|http://dbpedia.org/resource/Indian_Institute_of_Management_Shillong
19657|university|North_Eastern_Hill_University|http://dbpedia.org/resource/North_Eastern_Hill_University
19658|university|Martin_Luther_Christian_University|http://dbpedia.org/resource/Martin_Luther_Christian_University
19795|university|Bandung_Institute_of_Technology|http://dbpedia.org/resource/Bandung_Institute_of_Technology
19817|university|Maranatha_Christian_University|http://dbpedia.org/resource/Maranatha_Christian_University
19818|university|Indonesia_University_of_Education|http://dbpedia.org/resource/Indonesia_University_of_Education
19819|university|Padjadjaran_University|http://dbpedia.org/resource/Padjadjaran_University
19833|university|Indonesian_Adventist_University|http://dbpedia.org/resource/Indonesian_Adventist_University
19834|university|Telkom_Institute_of_Technology|http://dbpedia.org/resource/Telkom_Institute_of_Technology
19835|university|Telkom_Institute_of_Management|http://dbpedia.org/resource/Telkom_Institute_of_Management
19859|university|Parahyangan_Catholic_University|http://dbpedia.org/resource/Parahyangan_Catholic_University
19860|university|Bandung_Islamic_University|http://dbpedia.org/resource/Bandung_Islamic_University
21341|university|Omsk_State_University|http://dbpedia.org/resource/Omsk_State_University
21342|university|The_Omsk_Law_Institute|http://dbpedia.org/resource/The_Omsk_Law_Institute
21408|university|Omsk_State_Technical_University|http://dbpedia.org/resource/Omsk_State_Technical_University
21305|university|Vladivostok_State_Medical_University|http://dbpedia.org/resource/Vladivostok_State_Medical_University
21326|university|Vladivostok_State_University_of_Economics_and_Service|http://dbpedia.org/resource/Vladivostok_State_University_of_Economics_and_Service
21343|university|Far_Eastern_Federal_University|http://dbpedia.org/resource/Far_Eastern_Federal_University
21672|university|Uppsala_University|http://dbpedia.org/resource/Uppsala_University
21690|university|Newman_Institute|http://dbpedia.org/resource/Newman_Institute
21694|university|Swedish_University_of_Agricultural_Sciences|http://dbpedia.org/resource/Swedish_University_of_Agricultural_Sciences
21448|university|ML_Sultan_Technikon|http://dbpedia.org/resource/ML_Sultan_Technikon
21469|university|Durban_University_of_Technology|http://dbpedia.org/resource/Durban_University_of_Technology
21470|university|Technikon_Natal|http://dbpedia.org/resource/Technikon_Natal
20062|university|The_International_University_of_Kagoshima|http://dbpedia.org/resource/The_International_University_of_Kagoshima
20063|university|Kagoshima_University|http://dbpedia.org/resource/Kagoshima_University
20107|university|Kagoshima_Immaculate_Heart_College|http://dbpedia.org/resource/Kagoshima_Immaculate_Heart_College
20273|university|Multimedia_University|http://dbpedia.org/resource/Multimedia_University
20288|university|Limkokwing_University_of_Creative_Technology|http://dbpedia.org/resource/Limkokwing_University_of_Creative_Technology
20306|university|Limkokwing_Academy_of_Creativity_and_Innovation|http://dbpedia.org/resource/Limkokwing_Academy_of_Creativity_and_Innovation
