id|name|url
28291|Bulgaria|http://dbpedia.org/resource/Bulgaria
28292|Cambodia|http://dbpedia.org/resource/Cambodia
28293|Colombia|http://dbpedia.org/resource/Colombia
28294|Commonwealth_of_England|http://dbpedia.org/resource/Commonwealth_of_England
28295|Djibouti|http://dbpedia.org/resource/Djibouti
28296|Ethiopia|http://dbpedia.org/resource/Ethiopia
28300|Malaysia|http://dbpedia.org/resource/Malaysia
28301|Maldives|http://dbpedia.org/resource/Maldives
28302|Ottoman_Empire|http://dbpedia.org/resource/Ottoman_Empire
28303|Pakistan|http://dbpedia.org/resource/Pakistan
28304|Paraguay|http://dbpedia.org/resource/Paraguay
28307|Portugal|http://dbpedia.org/resource/Portugal
28310|Scotland|http://dbpedia.org/resource/Scotland
28311|Slovakia|http://dbpedia.org/resource/Slovakia
28312|Slovenia|http://dbpedia.org/resource/Slovenia
28313|South_Vietnam|http://dbpedia.org/resource/South_Vietnam
28315|Tanzania|http://dbpedia.org/resource/Tanzania
28316|Thailand|http://dbpedia.org/resource/Thailand
28322|Zimbabwe|http://dbpedia.org/resource/Zimbabwe
28325|Albania|http://dbpedia.org/resource/Albania
28326|Algeria|http://dbpedia.org/resource/Algeria
28327|Austria|http://dbpedia.org/resource/Austria
28329|Belarus|http://dbpedia.org/resource/Belarus
28330|Belgium|http://dbpedia.org/resource/Belgium
28332|Bolivia|http://dbpedia.org/resource/Bolivia
28333|Croatia|http://dbpedia.org/resource/Croatia
28335|Denmark|http://dbpedia.org/resource/Denmark
28336|Ecuador|http://dbpedia.org/resource/Ecuador
28337|England|http://dbpedia.org/resource/England
28338|Estonia|http://dbpedia.org/resource/Estonia
28339|Finland|http://dbpedia.org/resource/Finland
28340|Germany|http://dbpedia.org/resource/Germany
28341|Hungary|http://dbpedia.org/resource/Hungary
28342|Iceland|http://dbpedia.org/resource/Iceland
28343|Jamaica|http://dbpedia.org/resource/Jamaica
28344|Lebanon|http://dbpedia.org/resource/Lebanon
28345|Liberia|http://dbpedia.org/resource/Liberia
28348|Moldova|http://dbpedia.org/resource/Moldova
28349|Morocco|http://dbpedia.org/resource/Morocco
28356|Romania|http://dbpedia.org/resource/Romania
28358|Senegal|http://dbpedia.org/resource/Senegal
28361|Ukraine|http://dbpedia.org/resource/Ukraine
28362|Uruguay|http://dbpedia.org/resource/Uruguay
28363|Vietnam|http://dbpedia.org/resource/Vietnam
28367|Serbia_and_Montenegro|http://dbpedia.org/resource/Serbia_and_Montenegro
28372|North_Vietnam|http://dbpedia.org/resource/North_Vietnam
28376|El_Salvador|http://dbpedia.org/resource/El_Salvador
28381|Northern_Ireland|http://dbpedia.org/resource/Northern_Ireland
28385|Spanish_Empire|http://dbpedia.org/resource/Spanish_Empire
28387|Afghanistan|http://dbpedia.org/resource/Afghanistan
28390|Arab_League|http://dbpedia.org/resource/Arab_League
28391|Axis_powers|http://dbpedia.org/resource/Axis_powers
28400|Republic_of_Venice|http://dbpedia.org/resource/Republic_of_Venice
28401|Sierra_Leone|http://dbpedia.org/resource/Sierra_Leone
28403|Democratic_Republic_of_the_Congo|http://dbpedia.org/resource/Democratic_Republic_of_the_Congo
28404|Inca_Empire|http://dbpedia.org/resource/Inca_Empire
28405|Isle_of_Man|http://dbpedia.org/resource/Isle_of_Man
28407|Saint_Barthélemy|http://dbpedia.org/resource/Saint_Barthélemy
28421|Saudi_Arabia|http://dbpedia.org/resource/Saudi_Arabia
28424|Byzantine_Empire|http://dbpedia.org/resource/Byzantine_Empire
28430|Republic_of_Ireland|http://dbpedia.org/resource/Republic_of_Ireland
28678|Belgian_Congo|http://dbpedia.org/resource/Belgian_Congo
29058|Korea|http://dbpedia.org/resource/Korea
29393|British_North_America|http://dbpedia.org/resource/British_North_America
29589|The_Bahamas|http://dbpedia.org/resource/The_Bahamas
29591|Nazi_Germany|http://dbpedia.org/resource/Nazi_Germany
29595|Confederate_States_of_America|http://dbpedia.org/resource/Confederate_States_of_America
29600|French_Fifth_Republic|http://dbpedia.org/resource/French_Fifth_Republic
29606|Cuba|http://dbpedia.org/resource/Cuba
29607|Fiji|http://dbpedia.org/resource/Fiji
29609|Guam|http://dbpedia.org/resource/Guam
29610|Iran|http://dbpedia.org/resource/Iran
29611|Iraq|http://dbpedia.org/resource/Iraq
29612|Laos|http://dbpedia.org/resource/Laos
29614|Peru|http://dbpedia.org/resource/Peru
29624|Nordic_countries|http://dbpedia.org/resource/Nordic_countries
29625|Republic_of_Macedonia|http://dbpedia.org/resource/Republic_of_Macedonia
29628|Czech_Republic|http://dbpedia.org/resource/Czech_Republic
29629|Czechoslovakia|http://dbpedia.org/resource/Czechoslovakia
29637|Burma|http://dbpedia.org/resource/Burma
29638|Chile|http://dbpedia.org/resource/Chile
29639|China|http://dbpedia.org/resource/China
29642|Egypt|http://dbpedia.org/resource/Egypt
29643|Ghana|http://dbpedia.org/resource/Ghana
29644|Haiti|http://dbpedia.org/resource/Haiti
29646|India|http://dbpedia.org/resource/India
29647|Italy|http://dbpedia.org/resource/Italy
29648|Japan|http://dbpedia.org/resource/Japan
29650|Kenya|http://dbpedia.org/resource/Kenya
29652|Libya|http://dbpedia.org/resource/Libya
29655|Nepal|http://dbpedia.org/resource/Nepal
29656|Nevis|http://dbpedia.org/resource/Nevis
29657|Niger|http://dbpedia.org/resource/Niger
29658|Samoa|http://dbpedia.org/resource/Samoa
29660|Spain|http://dbpedia.org/resource/Spain
29661|Syria|http://dbpedia.org/resource/Syria
29662|Wales|http://dbpedia.org/resource/Wales
29663|Bosnia_and_Herzegovina|http://dbpedia.org/resource/Bosnia_and_Herzegovina
29669|Philippines|http://dbpedia.org/resource/Philippines
29671|Puerto_Rico|http://dbpedia.org/resource/Puerto_Rico
30033|Kingdom_of_Prussia|http://dbpedia.org/resource/Kingdom_of_Prussia
30034|Kingdom_of_Serbia|http://dbpedia.org/resource/Kingdom_of_Serbia
30166|Argentina|http://dbpedia.org/resource/Argentina
30173|Dominican_Republic|http://dbpedia.org/resource/Dominican_Republic
30178|East_Germany|http://dbpedia.org/resource/East_Germany
30180|Bangladesh|http://dbpedia.org/resource/Bangladesh
30182|Australia|http://dbpedia.org/resource/Australia
30183|Guatemala|http://dbpedia.org/resource/Guatemala
30185|Hong_Kong|http://dbpedia.org/resource/Hong_Kong
30186|Indonesia|http://dbpedia.org/resource/Indonesia
30189|Lithuania|http://dbpedia.org/resource/Lithuania
30192|New_Spain|http://dbpedia.org/resource/New_Spain
30193|Nicaragua|http://dbpedia.org/resource/Nicaragua
30199|Singapore|http://dbpedia.org/resource/Singapore
30201|Sri_Lanka|http://dbpedia.org/resource/Sri_Lanka
30205|Venezuela|http://dbpedia.org/resource/Venezuela
30206|Electoral_Palatinate|http://dbpedia.org/resource/Electoral_Palatinate
30207|United_Kingdom|http://dbpedia.org/resource/United_Kingdom
30208|United_Nations|http://dbpedia.org/resource/United_Nations
30213|Kingdom_of_Castile|http://dbpedia.org/resource/Kingdom_of_Castile
30214|Kingdom_of_England|http://dbpedia.org/resource/Kingdom_of_England
30228|Costa_Rica|http://dbpedia.org/resource/Costa_Rica
30236|Kingdom_of_Scotland|http://dbpedia.org/resource/Kingdom_of_Scotland
30239|Luxembourg|http://dbpedia.org/resource/Luxembourg
30240|Madagascar|http://dbpedia.org/resource/Madagascar
30242|Montserrat|http://dbpedia.org/resource/Montserrat
30243|New_France|http://dbpedia.org/resource/New_France
30253|South_Africa|http://dbpedia.org/resource/South_Africa
30254|South_Korea|http://dbpedia.org/resource/South_Korea
30255|Soviet_Union|http://dbpedia.org/resource/Soviet_Union
30256|Switzerland|http://dbpedia.org/resource/Switzerland
30258|British_Virgin_Islands|http://dbpedia.org/resource/British_Virgin_Islands
30259|Kingdom_of_Great_Britain|http://dbpedia.org/resource/Kingdom_of_Great_Britain
30608|Pahlavi_dynasty|http://dbpedia.org/resource/Pahlavi_dynasty
30741|Trinidad_and_Tobago|http://dbpedia.org/resource/Trinidad_and_Tobago
30746|Netherlands|http://dbpedia.org/resource/Netherlands
30747|New_Zealand|http://dbpedia.org/resource/New_Zealand
30749|North_Korea|http://dbpedia.org/resource/North_Korea
30763|Turkmenistan|http://dbpedia.org/resource/Turkmenistan
30779|United_States|http://dbpedia.org/resource/United_States
30782|Angola|http://dbpedia.org/resource/Angola
30784|Bhutan|http://dbpedia.org/resource/Bhutan
30785|Brazil|http://dbpedia.org/resource/Brazil
30786|Canada|http://dbpedia.org/resource/Canada
30787|Christmas_Island|http://dbpedia.org/resource/Christmas_Island
30789|Cyprus|http://dbpedia.org/resource/Cyprus
30791|France|http://dbpedia.org/resource/France
30792|Greece|http://dbpedia.org/resource/Greece
30793|Guinea|http://dbpedia.org/resource/Guinea
30794|Guyana|http://dbpedia.org/resource/Guyana
30795|Israel|http://dbpedia.org/resource/Israel
30796|Jersey|http://dbpedia.org/resource/Jersey
30797|Kosovo|http://dbpedia.org/resource/Kosovo
30798|Latvia|http://dbpedia.org/resource/Latvia
30799|Malawi|http://dbpedia.org/resource/Malawi
30801|Mexico|http://dbpedia.org/resource/Mexico
30802|Monaco|http://dbpedia.org/resource/Monaco
30803|Norway|http://dbpedia.org/resource/Norway
30804|Panama|http://dbpedia.org/resource/Panama
30805|Poland|http://dbpedia.org/resource/Poland
30809|Russia|http://dbpedia.org/resource/Russia
30810|Rwanda|http://dbpedia.org/resource/Rwanda
30811|Serbia|http://dbpedia.org/resource/Serbia
30812|Socialist_Federal_Republic_of_Yugoslavia|http://dbpedia.org/resource/Socialist_Federal_Republic_of_Yugoslavia
30813|Sparta|http://dbpedia.org/resource/Sparta
30814|Sweden|http://dbpedia.org/resource/Sweden
30815|Taiwan|http://dbpedia.org/resource/Taiwan
30817|Turkey|http://dbpedia.org/resource/Turkey
30820|Zambia|http://dbpedia.org/resource/Zambia
30825|Roman_Empire|http://dbpedia.org/resource/Roman_Empire
30853|Francoist_Spain|http://dbpedia.org/resource/Francoist_Spain
32262|Basutoland|http://dbpedia.org/resource/Basutoland
32263|East_Pakistan|http://dbpedia.org/resource/East_Pakistan
32264|Democratic_Republic_of_Afghanistan|http://dbpedia.org/resource/Democratic_Republic_of_Afghanistan
32265|British_Cameroons|http://dbpedia.org/resource/British_Cameroons
32266|Abkhazia|http://dbpedia.org/resource/Abkhazia
32267|Anguilla|http://dbpedia.org/resource/Anguilla
32268|Barbados|http://dbpedia.org/resource/Barbados
32269|Botswana|http://dbpedia.org/resource/Botswana
32270|Bukovina|http://dbpedia.org/resource/Bukovina
32271|Cameroon|http://dbpedia.org/resource/Cameroon
32273|Commonwealth_of_Nations|http://dbpedia.org/resource/Commonwealth_of_Nations
32274|Dominica|http://dbpedia.org/resource/Dominica
32275|Guernsey|http://dbpedia.org/resource/Guernsey
32277|Honduras|http://dbpedia.org/resource/Honduras
32278|Kingdom_of_the_Netherlands|http://dbpedia.org/resource/Kingdom_of_the_Netherlands
32279|Kiribati|http://dbpedia.org/resource/Kiribati
32280|Mercosur|http://dbpedia.org/resource/Mercosur
32281|Mongolia|http://dbpedia.org/resource/Mongolia
32282|South_Ossetia|http://dbpedia.org/resource/South_Ossetia
32283|Spain_under_the_Restoration|http://dbpedia.org/resource/Spain_under_the_Restoration
32284|Suriname|http://dbpedia.org/resource/Suriname
32285|Adal_Sultanate|http://dbpedia.org/resource/Adal_Sultanate
32286|Armenia|http://dbpedia.org/resource/Armenia
32287|Bahrain|http://dbpedia.org/resource/Bahrain
32288|Bermuda|http://dbpedia.org/resource/Bermuda
32289|Buganda|http://dbpedia.org/resource/Buganda
32290|Burundi|http://dbpedia.org/resource/Burundi
32291|Eritrea|http://dbpedia.org/resource/Eritrea
32292|German_East_Africa|http://dbpedia.org/resource/German_East_Africa
32293|Grenada|http://dbpedia.org/resource/Grenada
32295|Lesotho|http://dbpedia.org/resource/Lesotho
32296|Namibia|http://dbpedia.org/resource/Namibia
32297|Nigeria|http://dbpedia.org/resource/Nigeria
32298|Prussia|http://dbpedia.org/resource/Prussia
32300|Second_Spanish_Republic|http://dbpedia.org/resource/Second_Spanish_Republic
32301|Somalia|http://dbpedia.org/resource/Somalia
32302|Thomond|http://dbpedia.org/resource/Thomond
32303|Tokelau|http://dbpedia.org/resource/Tokelau
32304|Tunisia|http://dbpedia.org/resource/Tunisia
32305|Vanuatu|http://dbpedia.org/resource/Vanuatu
32306|Åland_Islands|http://dbpedia.org/resource/Åland_Islands
32307|Antigua_and_Barbuda|http://dbpedia.org/resource/Antigua_and_Barbuda
32308|Baltic_states|http://dbpedia.org/resource/Baltic_states
32309|Duchy_of_Brabant|http://dbpedia.org/resource/Duchy_of_Brabant
32310|Empire_of_Japan|http://dbpedia.org/resource/Empire_of_Japan
32311|European_Coal_and_Steel_Community|http://dbpedia.org/resource/European_Coal_and_Steel_Community
32313|French_India|http://dbpedia.org/resource/French_India
32314|Duchy_of_Burgundy|http://dbpedia.org/resource/Duchy_of_Burgundy
32315|Orange_Free_State|http://dbpedia.org/resource/Orange_Free_State
32316|Saint_Pierre_and_Miquelon|http://dbpedia.org/resource/Saint_Pierre_and_Miquelon
32317|Wallis_and_Futuna|http://dbpedia.org/resource/Wallis_and_Futuna
32318|Bechuanaland_Protectorate|http://dbpedia.org/resource/Bechuanaland_Protectorate
32319|Armenian_Soviet_Socialist_Republic|http://dbpedia.org/resource/Armenian_Soviet_Socialist_Republic
32320|Marshall_Islands|http://dbpedia.org/resource/Marshall_Islands
32321|Non-Aligned_Movement|http://dbpedia.org/resource/Non-Aligned_Movement
32322|Central_Powers|http://dbpedia.org/resource/Central_Powers
32323|Crown_of_Castile|http://dbpedia.org/resource/Crown_of_Castile
32324|Federated_States_of_Micronesia|http://dbpedia.org/resource/Federated_States_of_Micronesia
32325|Republic_of_Ragusa|http://dbpedia.org/resource/Republic_of_Ragusa
32326|Second_Polish_Republic|http://dbpedia.org/resource/Second_Polish_Republic
32327|Curaçao|http://dbpedia.org/resource/Curaçao
32328|Yemen_Arab_Republic|http://dbpedia.org/resource/Yemen_Arab_Republic
32329|Cayman_Islands|http://dbpedia.org/resource/Cayman_Islands
32330|Organisation_of_Islamic_Cooperation|http://dbpedia.org/resource/Organisation_of_Islamic_Cooperation
32332|Western_European_Union|http://dbpedia.org/resource/Western_European_Union
32335|Saint_Helena|http://dbpedia.org/resource/Saint_Helena
32336|United_Arab_Emirates|http://dbpedia.org/resource/United_Arab_Emirates
32337|United_Arab_Republic|http://dbpedia.org/resource/United_Arab_Republic
32339|German_South-West_Africa|http://dbpedia.org/resource/German_South-West_Africa
32340|West_Germany|http://dbpedia.org/resource/West_Germany
32341|Gojoseon|http://dbpedia.org/resource/Gojoseon
32342|Province_of_New_York|http://dbpedia.org/resource/Province_of_New_York
32343|Captaincy_General_of_Santo_Domingo|http://dbpedia.org/resource/Captaincy_General_of_Santo_Domingo
32345|Kingdom_of_Egypt|http://dbpedia.org/resource/Kingdom_of_Egypt
32346|Commonwealth_of_the_Philippines|http://dbpedia.org/resource/Commonwealth_of_the_Philippines
32347|State_of_Vietnam|http://dbpedia.org/resource/State_of_Vietnam
32348|Muscat_and_Oman|http://dbpedia.org/resource/Muscat_and_Oman
32349|United_Nations_Interim_Administration_Mission_in_Kosovo|http://dbpedia.org/resource/United_Nations_Interim_Administration_Mission_in_Kosovo
32350|Congress_Poland|http://dbpedia.org/resource/Congress_Poland
32351|Province_of_Canada|http://dbpedia.org/resource/Province_of_Canada
32352|Andorra|http://dbpedia.org/resource/Andorra
32353|Dominion_of_India|http://dbpedia.org/resource/Dominion_of_India
32354|Kingdom_of_Laos|http://dbpedia.org/resource/Kingdom_of_Laos
32355|French_Union|http://dbpedia.org/resource/French_Union
32356|Cossack_Hetmanate|http://dbpedia.org/resource/Cossack_Hetmanate
32357|Kingdom_of_Galicia_and_Lodomeria|http://dbpedia.org/resource/Kingdom_of_Galicia_and_Lodomeria
32358|Province_of_Carolina|http://dbpedia.org/resource/Province_of_Carolina
32359|Konbaung_Dynasty|http://dbpedia.org/resource/Konbaung_Dynasty
32360|British_rule_in_Burma|http://dbpedia.org/resource/British_rule_in_Burma
32361|Reorganized_National_Government_of_China|http://dbpedia.org/resource/Reorganized_National_Government_of_China
32362|Southern_Rhodesia|http://dbpedia.org/resource/Southern_Rhodesia
32363|Savoy|http://dbpedia.org/resource/Savoy
32364|Dominion_of_Pakistan|http://dbpedia.org/resource/Dominion_of_Pakistan
32365|General_Government|http://dbpedia.org/resource/General_Government
32366|West_Indies_Federation|http://dbpedia.org/resource/West_Indies_Federation
32367|Northern_Rhodesia|http://dbpedia.org/resource/Northern_Rhodesia
32368|New_Hebrides|http://dbpedia.org/resource/New_Hebrides
32370|Republic_of_Upper_Volta|http://dbpedia.org/resource/Republic_of_Upper_Volta
32371|Portuguese_Timor|http://dbpedia.org/resource/Portuguese_Timor
32372|United_Nations_Transitional_Administration_in_East_Timor|http://dbpedia.org/resource/United_Nations_Transitional_Administration_in_East_Timor
32373|West_Pakistan|http://dbpedia.org/resource/West_Pakistan
32374|Rhodesia|http://dbpedia.org/resource/Rhodesia
32375|South-West_Africa|http://dbpedia.org/resource/South-West_Africa
32376|Kingdom_of_Nepal|http://dbpedia.org/resource/Kingdom_of_Nepal
32378|São_Tomé_and_Príncipe|http://dbpedia.org/resource/São_Tomé_and_Príncipe
32381|United_States_Virgin_Islands|http://dbpedia.org/resource/United_States_Virgin_Islands
32383|League_of_Nations|http://dbpedia.org/resource/League_of_Nations
32384|Vatican_City|http://dbpedia.org/resource/Vatican_City
32385|Chad|http://dbpedia.org/resource/Chad
32387|Lordship_of_Ireland|http://dbpedia.org/resource/Lordship_of_Ireland
32388|Mali|http://dbpedia.org/resource/Mali
32389|Niue|http://dbpedia.org/resource/Niue
32390|Oman|http://dbpedia.org/resource/Oman
32391|Organization_for_Security_and_Co-operation_in_Europe|http://dbpedia.org/resource/Organization_for_Security_and_Co-operation_in_Europe
32392|Sark|http://dbpedia.org/resource/Sark
32393|Togo|http://dbpedia.org/resource/Togo
32394|Falkland_Islands|http://dbpedia.org/resource/Falkland_Islands
32395|German_Empire|http://dbpedia.org/resource/German_Empire
32396|Hyderabad_State|http://dbpedia.org/resource/Hyderabad_State
32398|Palestinian_National_Authority|http://dbpedia.org/resource/Palestinian_National_Authority
32400|Republic_of_the_Congo|http://dbpedia.org/resource/Republic_of_the_Congo
32401|Spanish_Protectorate_of_Morocco|http://dbpedia.org/resource/Spanish_Protectorate_of_Morocco
32402|American_Samoa|http://dbpedia.org/resource/American_Samoa
32403|Burkina_Faso|http://dbpedia.org/resource/Burkina_Faso
32404|Italian_Somaliland|http://dbpedia.org/resource/Italian_Somaliland
32405|Norfolk_Island|http://dbpedia.org/resource/Norfolk_Island
32407|Aruba|http://dbpedia.org/resource/Aruba
32408|Benin|http://dbpedia.org/resource/Benin
32409|Gabon|http://dbpedia.org/resource/Gabon
32411|Macau|http://dbpedia.org/resource/Macau
32412|Malta|http://dbpedia.org/resource/Malta
32414|Mongol_Empire|http://dbpedia.org/resource/Mongol_Empire
32415|Nauru|http://dbpedia.org/resource/Nauru
32416|New_Caledonia|http://dbpedia.org/resource/New_Caledonia
32417|Palau|http://dbpedia.org/resource/Palau
32418|Qatar|http://dbpedia.org/resource/Qatar
32419|Sudan|http://dbpedia.org/resource/Sudan
32420|Tonga|http://dbpedia.org/resource/Tonga
32421|Yemen|http://dbpedia.org/resource/Yemen
32422|Zaire|http://dbpedia.org/resource/Zaire
32423|British_Overseas_Territories|http://dbpedia.org/resource/British_Overseas_Territories
32425|French_Fourth_Republic|http://dbpedia.org/resource/French_Fourth_Republic
32426|Vichy_France|http://dbpedia.org/resource/Vichy_France
32427|British_Empire|http://dbpedia.org/resource/British_Empire
32428|Transjordan|http://dbpedia.org/resource/Transjordan
32429|Northern_Alliance|http://dbpedia.org/resource/Northern_Alliance
32430|Union_of_South_Africa|http://dbpedia.org/resource/Union_of_South_Africa
32432|Italian_Social_Republic|http://dbpedia.org/resource/Italian_Social_Republic
32433|Liechtenstein|http://dbpedia.org/resource/Liechtenstein
32434|Protectorate_of_Bohemia_and_Moravia|http://dbpedia.org/resource/Protectorate_of_Bohemia_and_Moravia
32435|Anglo-Egyptian_Sudan|http://dbpedia.org/resource/Anglo-Egyptian_Sudan
32436|Portuguese_Guinea|http://dbpedia.org/resource/Portuguese_Guinea
32437|British_Guiana|http://dbpedia.org/resource/British_Guiana
32438|Dominion_of_Newfoundland|http://dbpedia.org/resource/Dominion_of_Newfoundland
32440|British_Ceylon|http://dbpedia.org/resource/British_Ceylon
32441|Sovereign_Military_Order_of_Malta|http://dbpedia.org/resource/Sovereign_Military_Order_of_Malta
32442|Allied-occupied_Germany|http://dbpedia.org/resource/Allied-occupied_Germany
32443|South_Asian_Association_for_Regional_Cooperation|http://dbpedia.org/resource/South_Asian_Association_for_Regional_Cooperation
32444|Cooperation_Council_for_the_Arab_States_of_the_Gulf|http://dbpedia.org/resource/Cooperation_Council_for_the_Arab_States_of_the_Gulf
32446|Azad_Hind|http://dbpedia.org/resource/Azad_Hind
32447|Majapahit|http://dbpedia.org/resource/Majapahit
32449|German_New_Guinea|http://dbpedia.org/resource/German_New_Guinea
32450|Islamic_Emirate_of_Afghanistan|http://dbpedia.org/resource/Islamic_Emirate_of_Afghanistan
32451|Kingdom_of_Bulgaria|http://dbpedia.org/resource/Kingdom_of_Bulgaria
32453|French_West_Africa|http://dbpedia.org/resource/French_West_Africa
32454|First_Bulgarian_Empire|http://dbpedia.org/resource/First_Bulgarian_Empire
32455|International_Energy_Agency|http://dbpedia.org/resource/International_Energy_Agency
32456|Kingdom_of_Bohemia|http://dbpedia.org/resource/Kingdom_of_Bohemia
32457|Korea_under_Japanese_rule|http://dbpedia.org/resource/Korea_under_Japanese_rule
32458|Confederate_Ireland|http://dbpedia.org/resource/Confederate_Ireland
32459|Austria-Hungary|http://dbpedia.org/resource/Austria-Hungary
32460|Austrian_Empire|http://dbpedia.org/resource/Austrian_Empire
32461|Cape_Colony|http://dbpedia.org/resource/Cape_Colony
32462|Cochinchina|http://dbpedia.org/resource/Cochinchina
32464|Cook_Islands|http://dbpedia.org/resource/Cook_Islands
32465|European_Free_Trade_Association|http://dbpedia.org/resource/European_Free_Trade_Association
32466|French_Equatorial_Africa|http://dbpedia.org/resource/French_Equatorial_Africa
32468|Irish_Free_State|http://dbpedia.org/resource/Irish_Free_State
32469|African_Union|http://dbpedia.org/resource/African_Union
32470|British_Somaliland|http://dbpedia.org/resource/British_Somaliland
32471|European_Economic_Community|http://dbpedia.org/resource/European_Economic_Community
32472|French_Indochina|http://dbpedia.org/resource/French_Indochina
32473|French_Polynesia|http://dbpedia.org/resource/French_Polynesia
32475|Illyrian_Provinces|http://dbpedia.org/resource/Illyrian_Provinces
32476|Saint_Vincent_and_the_Grenadines|http://dbpedia.org/resource/Saint_Vincent_and_the_Grenadines
32478|County_of_Portugal|http://dbpedia.org/resource/County_of_Portugal
32479|Equatorial_Guinea|http://dbpedia.org/resource/Equatorial_Guinea
32481|Turks_and_Caicos_Islands|http://dbpedia.org/resource/Turks_and_Caicos_Islands
32482|Weimar_Republic|http://dbpedia.org/resource/Weimar_Republic
32483|Azerbaijan_Soviet_Socialist_Republic|http://dbpedia.org/resource/Azerbaijan_Soviet_Socialist_Republic
32484|British_Indian_Ocean_Territory|http://dbpedia.org/resource/British_Indian_Ocean_Territory
32485|Gibraltar|http://dbpedia.org/resource/Gibraltar
32486|Greenland|http://dbpedia.org/resource/Greenland
32487|Manchukuo|http://dbpedia.org/resource/Manchukuo
32488|Mauritius|http://dbpedia.org/resource/Mauritius
32489|Nyasaland|http://dbpedia.org/resource/Nyasaland
32490|Srivijaya|http://dbpedia.org/resource/Srivijaya
32491|Swaziland|http://dbpedia.org/resource/Swaziland
32492|United_Kingdom_of_Great_Britain_and_Ireland|http://dbpedia.org/resource/United_Kingdom_of_Great_Britain_and_Ireland
32493|Council_of_Europe|http://dbpedia.org/resource/Council_of_Europe
32494|Russian_Soviet_Federative_Socialist_Republic|http://dbpedia.org/resource/Russian_Soviet_Federative_Socialist_Republic
32495|Central_African_Republic|http://dbpedia.org/resource/Central_African_Republic
32496|Faroe_Islands|http://dbpedia.org/resource/Faroe_Islands
32498|Mughal_Empire|http://dbpedia.org/resource/Mughal_Empire
32499|Papua_New_Guinea|http://dbpedia.org/resource/Papua_New_Guinea
32500|Qing_Dynasty|http://dbpedia.org/resource/Qing_Dynasty
32501|Kingdom_of_France|http://dbpedia.org/resource/Kingdom_of_France
32502|Kingdom_of_Greece|http://dbpedia.org/resource/Kingdom_of_Greece
32503|Kingdom_of_Hanover|http://dbpedia.org/resource/Kingdom_of_Hanover
32504|Kingdom_of_Hungary|http://dbpedia.org/resource/Kingdom_of_Hungary
32505|Kingdom_of_Ireland|http://dbpedia.org/resource/Kingdom_of_Ireland
32506|Kingdom_of_Romania|http://dbpedia.org/resource/Kingdom_of_Romania
32507|Organisation_for_Economic_Co-operation_and_Development|http://dbpedia.org/resource/Organisation_for_Economic_Co-operation_and_Development
32509|Azerbaijan|http://dbpedia.org/resource/Azerbaijan
32510|Cape_Verde|http://dbpedia.org/resource/Cape_Verde
32511|East_Timor|http://dbpedia.org/resource/East_Timor
32512|Kazakhstan|http://dbpedia.org/resource/Kazakhstan
32514|Kyrgyzstan|http://dbpedia.org/resource/Kyrgyzstan
32515|Mauritania|http://dbpedia.org/resource/Mauritania
32516|Montenegro|http://dbpedia.org/resource/Montenegro
32517|Mozambique|http://dbpedia.org/resource/Mozambique
32518|Occupation_of_Japan|http://dbpedia.org/resource/Occupation_of_Japan
32519|Pitcairn_Islands|http://dbpedia.org/resource/Pitcairn_Islands
32520|San_Marino|http://dbpedia.org/resource/San_Marino
32521|Seychelles|http://dbpedia.org/resource/Seychelles
32522|Somaliland|http://dbpedia.org/resource/Somaliland
32523|Tajikistan|http://dbpedia.org/resource/Tajikistan
32524|Tanganyika|http://dbpedia.org/resource/Tanganyika
32525|The_Gambia|http://dbpedia.org/resource/The_Gambia
32526|Travancore|http://dbpedia.org/resource/Travancore
32527|Uzbekistan|http://dbpedia.org/resource/Uzbekistan
32528|French_First_Republic|http://dbpedia.org/resource/French_First_Republic
32530|Saint_Lucia|http://dbpedia.org/resource/Saint_Lucia
32531|South_African_Republic|http://dbpedia.org/resource/South_African_Republic
32532|South_Yemen|http://dbpedia.org/resource/South_Yemen
32533|Estonian_Soviet_Socialist_Republic|http://dbpedia.org/resource/Estonian_Soviet_Socialist_Republic
32534|Prince-Bishopric_of_Liège|http://dbpedia.org/resource/Prince-Bishopric_of_Liège
32536|Warsaw_Pact|http://dbpedia.org/resource/Warsaw_Pact
32537|Guinea-Bissau|http://dbpedia.org/resource/Guinea-Bissau
32538|Palestinian_territories|http://dbpedia.org/resource/Palestinian_territories
32539|Saint_Kitts_and_Nevis|http://dbpedia.org/resource/Saint_Kitts_and_Nevis
32540|Colony_of_Natal|http://dbpedia.org/resource/Colony_of_Natal
32541|Dutch_East_Indies|http://dbpedia.org/resource/Dutch_East_Indies
32542|Trust_Territory_of_the_Pacific_Islands|http://dbpedia.org/resource/Trust_Territory_of_the_Pacific_Islands
32543|Congo_Free_State|http://dbpedia.org/resource/Congo_Free_State
32544|Mutawakkilite_Kingdom_of_Yemen|http://dbpedia.org/resource/Mutawakkilite_Kingdom_of_Yemen
32545|Electorate_of_Brunswick-Lüneburg|http://dbpedia.org/resource/Electorate_of_Brunswick-Lüneburg
32547|Czechoslovak_Socialist_Republic|http://dbpedia.org/resource/Czechoslovak_Socialist_Republic
32548|Ethiopian_Empire|http://dbpedia.org/resource/Ethiopian_Empire
32549|Korean_Empire|http://dbpedia.org/resource/Korean_Empire
32551|Saint_Helena,_Ascension_and_Tristan_da_Cunha|http://dbpedia.org/resource/Saint_Helena,_Ascension_and_Tristan_da_Cunha
32552|Polish_government-in-exile|http://dbpedia.org/resource/Polish_government-in-exile
32554|Kingdom_of_León|http://dbpedia.org/resource/Kingdom_of_León
32556|Independent_State_of_Croatia|http://dbpedia.org/resource/Independent_State_of_Croatia
32557|Italian_East_Africa|http://dbpedia.org/resource/Italian_East_Africa
32558|Qajar_dynasty|http://dbpedia.org/resource/Qajar_dynasty
32559|Achaemenid_Empire|http://dbpedia.org/resource/Achaemenid_Empire
32560|Irish_Republic|http://dbpedia.org/resource/Irish_Republic
32561|Portuguese_India|http://dbpedia.org/resource/Portuguese_India
32563|Tokugawa_shogunate|http://dbpedia.org/resource/Tokugawa_shogunate
32564|Communist_Romania|http://dbpedia.org/resource/Communist_Romania
32566|Federation_of_Rhodesia_and_Nyasaland|http://dbpedia.org/resource/Federation_of_Rhodesia_and_Nyasaland
32567|Netherlands_Antilles|http://dbpedia.org/resource/Netherlands_Antilles
32568|Solomon_Islands|http://dbpedia.org/resource/Solomon_Islands
32570|Belize|http://dbpedia.org/resource/Belize
32571|Biafra|http://dbpedia.org/resource/Biafra
32572|Brunei|http://dbpedia.org/resource/Brunei
32573|Crimea|http://dbpedia.org/resource/Crimea
32574|Darfur|http://dbpedia.org/resource/Darfur
32575|Jordan|http://dbpedia.org/resource/Jordan
32576|Kuwait|http://dbpedia.org/resource/Kuwait
32577|Polish–Lithuanian_Commonwealth|http://dbpedia.org/resource/Polish–Lithuanian_Commonwealth
32578|Tuvalu|http://dbpedia.org/resource/Tuvalu
32579|British_Raj|http://dbpedia.org/resource/British_Raj
32580|Grand_Duchy_of_Finland|http://dbpedia.org/resource/Grand_Duchy_of_Finland
32581|Grand_Duchy_of_Moscow|http://dbpedia.org/resource/Grand_Duchy_of_Moscow
32582|Holy_Roman_Empire|http://dbpedia.org/resource/Holy_Roman_Empire
32583|Spanish_East_Indies|http://dbpedia.org/resource/Spanish_East_Indies
32584|French_Third_Republic|http://dbpedia.org/resource/French_Third_Republic
32585|Kingdom_of_Yugoslavia|http://dbpedia.org/resource/Kingdom_of_Yugoslavia
32586|Western_Sahara|http://dbpedia.org/resource/Western_Sahara
32587|British_Honduras|http://dbpedia.org/resource/British_Honduras
32588|Georgian_Soviet_Socialist_Republic|http://dbpedia.org/resource/Georgian_Soviet_Socialist_Republic
32589|Papal_States|http://dbpedia.org/resource/Papal_States
32590|Roman_Republic|http://dbpedia.org/resource/Roman_Republic
32591|State_of_Slovenes,_Croats_and_Serbs|http://dbpedia.org/resource/State_of_Slovenes,_Croats_and_Serbs
32592|Federation_of_Malaya|http://dbpedia.org/resource/Federation_of_Malaya
32595|Kingdom_of_Dublin|http://dbpedia.org/resource/Kingdom_of_Dublin
32597|Toucouleur_Empire|http://dbpedia.org/resource/Toucouleur_Empire
33271|New_Netherland|http://dbpedia.org/resource/New_Netherland
33450|Thirteen_Colonies|http://dbpedia.org/resource/Thirteen_Colonies
33454|Republika_Srpska|http://dbpedia.org/resource/Republika_Srpska
33456|Kingdom_of_Hawaii|http://dbpedia.org/resource/Kingdom_of_Hawaii
33459|Kingdom_of_the_Two_Sicilies|http://dbpedia.org/resource/Kingdom_of_the_Two_Sicilies
33647|Connecticut_Colony|http://dbpedia.org/resource/Connecticut_Colony
33689|Tenochtitlan|http://dbpedia.org/resource/Tenochtitlan
33692|Federation_of_Bosnia_and_Herzegovina|http://dbpedia.org/resource/Federation_of_Bosnia_and_Herzegovina
34482|Colony_of_Virginia|http://dbpedia.org/resource/Colony_of_Virginia
34484|Moldavia|http://dbpedia.org/resource/Moldavia
34485|Republic_of_Texas|http://dbpedia.org/resource/Republic_of_Texas
34487|Assyria|http://dbpedia.org/resource/Assyria
34488|Khazars|http://dbpedia.org/resource/Khazars
34491|Ukrainian_Soviet_Socialist_Republic|http://dbpedia.org/resource/Ukrainian_Soviet_Socialist_Republic
34492|Paris_Commune|http://dbpedia.org/resource/Paris_Commune
34493|Duchy_of_Mantua|http://dbpedia.org/resource/Duchy_of_Mantua
34495|County_of_Tyrol|http://dbpedia.org/resource/County_of_Tyrol
34497|Plymouth_Colony|http://dbpedia.org/resource/Plymouth_Colony
34516|Habsburg_Monarchy|http://dbpedia.org/resource/Habsburg_Monarchy
34522|Republic_of_Hawaii|http://dbpedia.org/resource/Republic_of_Hawaii
34543|Neo-Babylonian_Empire|http://dbpedia.org/resource/Neo-Babylonian_Empire
34544|Sahrawi_Arab_Democratic_Republic|http://dbpedia.org/resource/Sahrawi_Arab_Democratic_Republic
34560|Dahomey|http://dbpedia.org/resource/Dahomey
34569|Akkadian_Empire|http://dbpedia.org/resource/Akkadian_Empire
34570|Great_Moravia|http://dbpedia.org/resource/Great_Moravia
34573|Benin_Empire|http://dbpedia.org/resource/Benin_Empire
34575|French_Second_Republic|http://dbpedia.org/resource/French_Second_Republic
34587|French_colonial_empire|http://dbpedia.org/resource/French_colonial_empire
34600|Oyo_Empire|http://dbpedia.org/resource/Oyo_Empire
34610|Empire_of_Brazil|http://dbpedia.org/resource/Empire_of_Brazil
34614|Yuan_Dynasty|http://dbpedia.org/resource/Yuan_Dynasty
34642|Northern_Mariana_Islands|http://dbpedia.org/resource/Northern_Mariana_Islands
34649|Moldavian_Soviet_Socialist_Republic|http://dbpedia.org/resource/Moldavian_Soviet_Socialist_Republic
34692|German_military_administration_in_occupied_France_during_World_War_II|http://dbpedia.org/resource/German_military_administration_in_occupied_France_during_World_War_II
34763|Roanoke_Colony|http://dbpedia.org/resource/Roanoke_Colony
34764|France_in_the_Middle_Ages|http://dbpedia.org/resource/France_in_the_Middle_Ages
34765|Province_of_Pennsylvania|http://dbpedia.org/resource/Province_of_Pennsylvania
34766|Goguryeo|http://dbpedia.org/resource/Goguryeo
34768|Hispania|http://dbpedia.org/resource/Hispania
34769|Republic_of_Genoa|http://dbpedia.org/resource/Republic_of_Genoa
34770|Samanids|http://dbpedia.org/resource/Samanids
34771|Transkei|http://dbpedia.org/resource/Transkei
34772|Bunyoro|http://dbpedia.org/resource/Bunyoro
34774|Hanseatic_League|http://dbpedia.org/resource/Hanseatic_League
34775|Numidia|http://dbpedia.org/resource/Numidia
34776|Safavid_dynasty|http://dbpedia.org/resource/Safavid_dynasty
34778|Timurid_dynasty|http://dbpedia.org/resource/Timurid_dynasty
34779|Xiongnu|http://dbpedia.org/resource/Xiongnu
34780|Duchy_of_Spoleto|http://dbpedia.org/resource/Duchy_of_Spoleto
34781|Kingdom_of_Judah|http://dbpedia.org/resource/Kingdom_of_Judah
34782|Kingdom_of_Kongo|http://dbpedia.org/resource/Kingdom_of_Kongo
34783|Second_French_Empire|http://dbpedia.org/resource/Second_French_Empire
34784|Western_Roman_Empire|http://dbpedia.org/resource/Western_Roman_Empire
34785|Caucasian_Iberia|http://dbpedia.org/resource/Caucasian_Iberia
34786|Hohenzollern-Sigmaringen|http://dbpedia.org/resource/Hohenzollern-Sigmaringen
34787|Azerbaijan_Democratic_Republic|http://dbpedia.org/resource/Azerbaijan_Democratic_Republic
34788|Qin_Dynasty|http://dbpedia.org/resource/Qin_Dynasty
34789|Sint_Maarten|http://dbpedia.org/resource/Sint_Maarten
34790|Emirate_of_Granada|http://dbpedia.org/resource/Emirate_of_Granada
34791|Kanem_Empire|http://dbpedia.org/resource/Kanem_Empire
34792|Maurya_Empire|http://dbpedia.org/resource/Maurya_Empire
34794|Crown_of_Aragon|http://dbpedia.org/resource/Crown_of_Aragon
34795|Greco-Bactrian_Kingdom|http://dbpedia.org/resource/Greco-Bactrian_Kingdom
34796|July_Monarchy|http://dbpedia.org/resource/July_Monarchy
34799|Province_of_Maryland|http://dbpedia.org/resource/Province_of_Maryland
34805|Duchy_of_Warsaw|http://dbpedia.org/resource/Duchy_of_Warsaw
34806|Indo-Greeks|http://dbpedia.org/resource/Indo-Greeks
34807|Neo-Assyrian_Empire|http://dbpedia.org/resource/Neo-Assyrian_Empire
34809|Kingdom_of_Württemberg|http://dbpedia.org/resource/Kingdom_of_Württemberg
34810|Emirate_of_Sicily|http://dbpedia.org/resource/Emirate_of_Sicily
34811|Mali_Empire|http://dbpedia.org/resource/Mali_Empire
34812|Duchy_of_Prussia|http://dbpedia.org/resource/Duchy_of_Prussia
34817|Danish_West_Indies|http://dbpedia.org/resource/Danish_West_Indies
34819|World_government|http://dbpedia.org/resource/World_government
34821|Colony_of_Rhode_Island_and_Providence_Plantations|http://dbpedia.org/resource/Colony_of_Rhode_Island_and_Providence_Plantations
34823|Grand_Duchy_of_Baden|http://dbpedia.org/resource/Grand_Duchy_of_Baden
34824|Grand_Duchy_of_Hesse|http://dbpedia.org/resource/Grand_Duchy_of_Hesse
34826|Baden|http://dbpedia.org/resource/Baden
34828|Kingdom_of_Galicia–Volhynia|http://dbpedia.org/resource/Kingdom_of_Galicia–Volhynia
34829|Lower_Canada|http://dbpedia.org/resource/Lower_Canada
34830|Nagorno-Karabakh_Republic|http://dbpedia.org/resource/Nagorno-Karabakh_Republic
34831|Organisation_of_African_Unity|http://dbpedia.org/resource/Organisation_of_African_Unity
34832|Ashanti_Empire|http://dbpedia.org/resource/Ashanti_Empire
34833|Zulu_Kingdom|http://dbpedia.org/resource/Zulu_Kingdom
34834|Early_modern_France|http://dbpedia.org/resource/Early_modern_France
34835|Duchy_of_Oldenburg|http://dbpedia.org/resource/Duchy_of_Oldenburg
34836|Duchy_of_Schleswig|http://dbpedia.org/resource/Duchy_of_Schleswig
34837|Trần_Dynasty|http://dbpedia.org/resource/Trần_Dynasty
34838|Straits_Settlements|http://dbpedia.org/resource/Straits_Settlements
34839|Silla|http://dbpedia.org/resource/Silla
34840|Duchy_of_Brunswick|http://dbpedia.org/resource/Duchy_of_Brunswick
34841|Visigothic_Kingdom|http://dbpedia.org/resource/Visigothic_Kingdom
34842|Captaincy_General_of_Chile|http://dbpedia.org/resource/Captaincy_General_of_Chile
34844|Netherlands_New_Guinea|http://dbpedia.org/resource/Netherlands_New_Guinea
34846|Balhae|http://dbpedia.org/resource/Balhae
34849|Province_of_Georgia|http://dbpedia.org/resource/Province_of_Georgia
34850|Province_of_New_Hampshire|http://dbpedia.org/resource/Province_of_New_Hampshire
34856|Ashikaga_shogunate|http://dbpedia.org/resource/Ashikaga_shogunate
34857|Bourbon_Restoration|http://dbpedia.org/resource/Bourbon_Restoration
34859|Umayyad_Caliphate|http://dbpedia.org/resource/Umayyad_Caliphate
34860|Fatimid_Caliphate|http://dbpedia.org/resource/Fatimid_Caliphate
34862|Kamakura_shogunate|http://dbpedia.org/resource/Kamakura_shogunate
34863|Maratha_Empire|http://dbpedia.org/resource/Maratha_Empire
34865|Gran_Colombia|http://dbpedia.org/resource/Gran_Colombia
34866|Portuguese_Empire|http://dbpedia.org/resource/Portuguese_Empire
34867|East_Africa_Protectorate|http://dbpedia.org/resource/East_Africa_Protectorate
34868|Ghana_Empire|http://dbpedia.org/resource/Ghana_Empire
34870|Novgorod_Republic|http://dbpedia.org/resource/Novgorod_Republic
34871|Tsardom_of_Russia|http://dbpedia.org/resource/Tsardom_of_Russia
34872|Aceh_Sultanate|http://dbpedia.org/resource/Aceh_Sultanate
34873|Crimean_Khanate|http://dbpedia.org/resource/Crimean_Khanate
34874|Khmer_Empire|http://dbpedia.org/resource/Khmer_Empire
34875|Han_Dynasty|http://dbpedia.org/resource/Han_Dynasty
34876|Second_Mexican_Empire|http://dbpedia.org/resource/Second_Mexican_Empire
34877|First_French_Empire|http://dbpedia.org/resource/First_French_Empire
34879|Latin_Union|http://dbpedia.org/resource/Latin_Union
34881|Roman_Kingdom|http://dbpedia.org/resource/Roman_Kingdom
34882|Caliphate_of_Córdoba|http://dbpedia.org/resource/Caliphate_of_Córdoba
34883|Abbasid_Caliphate|http://dbpedia.org/resource/Abbasid_Caliphate
34884|Almohad_Caliphate|http://dbpedia.org/resource/Almohad_Caliphate
34885|Islamic_Courts_Union|http://dbpedia.org/resource/Islamic_Courts_Union
34886|Khanate_of_Kazan|http://dbpedia.org/resource/Khanate_of_Kazan
34887|Khanate_of_Khiva|http://dbpedia.org/resource/Khanate_of_Khiva
34888|Vermont_Republic|http://dbpedia.org/resource/Vermont_Republic
34889|State_of_Palestine|http://dbpedia.org/resource/State_of_Palestine
34890|Classical_Athens|http://dbpedia.org/resource/Classical_Athens
34891|United_States_of_Colombia|http://dbpedia.org/resource/United_States_of_Colombia
34892|Aro_Confederacy|http://dbpedia.org/resource/Aro_Confederacy
34897|Ryūkyū_Kingdom|http://dbpedia.org/resource/Ryūkyū_Kingdom
34898|German_colonial_empire|http://dbpedia.org/resource/German_colonial_empire
34899|Sui_Dynasty|http://dbpedia.org/resource/Sui_Dynasty
34900|Kingdom_of_Bavaria|http://dbpedia.org/resource/Kingdom_of_Bavaria
34901|Kingdom_of_Saxony|http://dbpedia.org/resource/Kingdom_of_Saxony
34902|Old_Swiss_Confederacy|http://dbpedia.org/resource/Old_Swiss_Confederacy
34904|Territory_of_New_Guinea|http://dbpedia.org/resource/Territory_of_New_Guinea
34908|Easter_Island|http://dbpedia.org/resource/Easter_Island
34909|Helvetic_Republic|http://dbpedia.org/resource/Helvetic_Republic
34910|Transnistria|http://dbpedia.org/resource/Transnistria
34911|Federal_Republic_of_Central_America|http://dbpedia.org/resource/Federal_Republic_of_Central_America
34912|Ilkhanate|http://dbpedia.org/resource/Ilkhanate
34913|Phoenicia|http://dbpedia.org/resource/Phoenicia
34914|Wallachia|http://dbpedia.org/resource/Wallachia
34915|Dutch_Republic|http://dbpedia.org/resource/Dutch_Republic
34916|Kingdom_of_Fouta_Djallon|http://dbpedia.org/resource/Kingdom_of_Fouta_Djallon
34917|Taungoo_Dynasty|http://dbpedia.org/resource/Taungoo_Dynasty
34918|Kingdom_of_Gwynedd|http://dbpedia.org/resource/Kingdom_of_Gwynedd
34919|Kingdom_of_Makuria|http://dbpedia.org/resource/Kingdom_of_Makuria
34920|Kingdom_of_Naples|http://dbpedia.org/resource/Kingdom_of_Naples
34921|Kingdom_of_Sicily|http://dbpedia.org/resource/Kingdom_of_Sicily
34922|Sassanid_Empire|http://dbpedia.org/resource/Sassanid_Empire
34924|Kingdom_of_Portugal|http://dbpedia.org/resource/Kingdom_of_Portugal
34925|Kingdom_of_Sardinia|http://dbpedia.org/resource/Kingdom_of_Sardinia
34926|New_Sweden|http://dbpedia.org/resource/New_Sweden
34927|Northern_Cyprus|http://dbpedia.org/resource/Northern_Cyprus
34928|Principality_of_Antioch|http://dbpedia.org/resource/Principality_of_Antioch
34929|Song_Dynasty|http://dbpedia.org/resource/Song_Dynasty
34930|South_Sudan|http://dbpedia.org/resource/South_Sudan
34932|County_of_Tripoli|http://dbpedia.org/resource/County_of_Tripoli
34933|Golden_Horde|http://dbpedia.org/resource/Golden_Horde
34935|Ming_Dynasty|http://dbpedia.org/resource/Ming_Dynasty
34936|Colonial_Brazil|http://dbpedia.org/resource/Colonial_Brazil
34937|California_Republic|http://dbpedia.org/resource/California_Republic
34938|Spanish_Florida|http://dbpedia.org/resource/Spanish_Florida
34939|Coalition_Provisional_Authority|http://dbpedia.org/resource/Coalition_Provisional_Authority
34940|Aztec_Triple_Alliance|http://dbpedia.org/resource/Aztec_Triple_Alliance
34942|Republic_of_New_Granada|http://dbpedia.org/resource/Republic_of_New_Granada
34946|Champa|http://dbpedia.org/resource/Champa
34947|First_Philippine_Republic|http://dbpedia.org/resource/First_Philippine_Republic
34948|Denmark–Norway|http://dbpedia.org/resource/Denmark–Norway
34949|Nguyen_dynasty|http://dbpedia.org/resource/Nguyen_dynasty
34950|Iraqi_Kurdistan|http://dbpedia.org/resource/Iraqi_Kurdistan
34951|Union_between_Sweden_and_Norway|http://dbpedia.org/resource/Union_between_Sweden_and_Norway
34953|Dutch_Empire|http://dbpedia.org/resource/Dutch_Empire
34954|Northumbria|http://dbpedia.org/resource/Northumbria
34955|Upper_Canada|http://dbpedia.org/resource/Upper_Canada
34956|German_Confederation|http://dbpedia.org/resource/German_Confederation
34957|Anhalt|http://dbpedia.org/resource/Anhalt
34958|Baekje|http://dbpedia.org/resource/Baekje
34959|Goryeo|http://dbpedia.org/resource/Goryeo
34960|November_Uprising|http://dbpedia.org/resource/November_Uprising
34961|State_of_the_Teutonic_Order|http://dbpedia.org/resource/State_of_the_Teutonic_Order
34962|Saxe-Coburg_and_Gotha|http://dbpedia.org/resource/Saxe-Coburg_and_Gotha
34963|Bamana_Empire|http://dbpedia.org/resource/Bamana_Empire
34964|Russian_America|http://dbpedia.org/resource/Russian_America
34965|Khwarazmian_dynasty|http://dbpedia.org/resource/Khwarazmian_dynasty
34966|Kingdom_of_Jerusalem|http://dbpedia.org/resource/Kingdom_of_Jerusalem
34967|Tang_Dynasty|http://dbpedia.org/resource/Tang_Dynasty
34968|Saint-Domingue|http://dbpedia.org/resource/Saint-Domingue
34969|Sultanate_of_Sulu|http://dbpedia.org/resource/Sultanate_of_Sulu
34970|United_Provinces_of_the_Río_de_la_Plata|http://dbpedia.org/resource/United_Provinces_of_the_Río_de_la_Plata
34972|Afsharid_dynasty|http://dbpedia.org/resource/Afsharid_dynasty
34973|Etruscan_civilization|http://dbpedia.org/resource/Etruscan_civilization
34974|Ayyubid_dynasty|http://dbpedia.org/resource/Ayyubid_dynasty
34975|British_America|http://dbpedia.org/resource/British_America
34976|Kazakh_Soviet_Socialist_Republic|http://dbpedia.org/resource/Kazakh_Soviet_Socialist_Republic
34977|Free_City_of_Danzig|http://dbpedia.org/resource/Free_City_of_Danzig
34980|Tobago|http://dbpedia.org/resource/Tobago
34982|Bornu_Empire|http://dbpedia.org/resource/Bornu_Empire
34983|Democratic_Republic_of_Armenia|http://dbpedia.org/resource/Democratic_Republic_of_Armenia
34984|Free_Territory_of_Trieste|http://dbpedia.org/resource/Free_Territory_of_Trieste
34985|Grand_Duchy_of_Tuscany|http://dbpedia.org/resource/Grand_Duchy_of_Tuscany
34986|North_German_Confederation|http://dbpedia.org/resource/North_German_Confederation
34987|Queen_Maud_Land|http://dbpedia.org/resource/Queen_Maud_Land
34988|Seleucid_Empire|http://dbpedia.org/resource/Seleucid_Empire
34989|Delhi_Sultanate|http://dbpedia.org/resource/Delhi_Sultanate
34990|Songhai_Empire|http://dbpedia.org/resource/Songhai_Empire
34991|Chechen_Republic_of_Ichkeria|http://dbpedia.org/resource/Chechen_Republic_of_Ichkeria
34993|Duchy_of_Brunswick-Lüneburg|http://dbpedia.org/resource/Duchy_of_Brunswick-Lüneburg
34995|Pagan_Kingdom|http://dbpedia.org/resource/Pagan_Kingdom
34997|Sultanate_of_Maguindanao|http://dbpedia.org/resource/Sultanate_of_Maguindanao
35012|Brazilian_military_government|http://dbpedia.org/resource/Brazilian_military_government
35022|Provisional_Government_of_Oregon|http://dbpedia.org/resource/Provisional_Government_of_Oregon
35032|Kingdom_of_Fouta_Tooro|http://dbpedia.org/resource/Kingdom_of_Fouta_Tooro
35050|Adiabene|http://dbpedia.org/resource/Adiabene
35132|Republic_of_Serbian_Krajina|http://dbpedia.org/resource/Republic_of_Serbian_Krajina
35215|Company_rule_in_India|http://dbpedia.org/resource/Company_rule_in_India
35216|Alderney|http://dbpedia.org/resource/Alderney
35217|Uyghur_Khaganate|http://dbpedia.org/resource/Uyghur_Khaganate
35218|Seventeen_Provinces|http://dbpedia.org/resource/Seventeen_Provinces
35219|Duchy_of_Saxony|http://dbpedia.org/resource/Duchy_of_Saxony
35220|Electorate_of_Saxony|http://dbpedia.org/resource/Electorate_of_Saxony
35221|Gupta_Empire|http://dbpedia.org/resource/Gupta_Empire
35222|Kirghiz_Soviet_Socialist_Republic|http://dbpedia.org/resource/Kirghiz_Soviet_Socialist_Republic
35223|Republic_of_Florence|http://dbpedia.org/resource/Republic_of_Florence
35224|Kingdom_of_Kush|http://dbpedia.org/resource/Kingdom_of_Kush
35226|Kushan_Empire|http://dbpedia.org/resource/Kushan_Empire
35227|Brandenburg-Prussia|http://dbpedia.org/resource/Brandenburg-Prussia
35228|Akrotiri_and_Dhekelia|http://dbpedia.org/resource/Akrotiri_and_Dhekelia
35229|British_Antarctic_Territory|http://dbpedia.org/resource/British_Antarctic_Territory
35230|Electorate_of_Bavaria|http://dbpedia.org/resource/Electorate_of_Bavaria
35231|Free_City_of_Frankfurt|http://dbpedia.org/resource/Free_City_of_Frankfurt
35232|Durrani_Empire|http://dbpedia.org/resource/Durrani_Empire
35233|Hungarian_Soviet_Republic|http://dbpedia.org/resource/Hungarian_Soviet_Republic
35234|North_Borneo|http://dbpedia.org/resource/North_Borneo
35235|Göktürks|http://dbpedia.org/resource/Göktürks
35236|Confederation_of_the_Rhine|http://dbpedia.org/resource/Confederation_of_the_Rhine
35239|Pandyan_Dynasty|http://dbpedia.org/resource/Pandyan_Dynasty
35240|Almoravid_dynasty|http://dbpedia.org/resource/Almoravid_dynasty
35241|United_Kingdom_of_the_Netherlands|http://dbpedia.org/resource/United_Kingdom_of_the_Netherlands
35242|Tristan_da_Cunha|http://dbpedia.org/resource/Tristan_da_Cunha
35244|Xia_Dynasty|http://dbpedia.org/resource/Xia_Dynasty
35246|Saxe-Weimar|http://dbpedia.org/resource/Saxe-Weimar
35247|Margraviate_of_Brandenburg|http://dbpedia.org/resource/Margraviate_of_Brandenburg
35248|Archduchy_of_Austria|http://dbpedia.org/resource/Archduchy_of_Austria
35249|Zhou_Dynasty|http://dbpedia.org/resource/Zhou_Dynasty
35250|East_Francia|http://dbpedia.org/resource/East_Francia
35251|Viceroyalty_of_New_Granada|http://dbpedia.org/resource/Viceroyalty_of_New_Granada
35252|Kingdom_of_Holland|http://dbpedia.org/resource/Kingdom_of_Holland
35253|Kingdom_of_Mysore|http://dbpedia.org/resource/Kingdom_of_Mysore
35254|Kingdom_of_Navarre|http://dbpedia.org/resource/Kingdom_of_Navarre
35255|Viceroyalty_of_the_Río_de_la_Plata|http://dbpedia.org/resource/Viceroyalty_of_the_Río_de_la_Plata
35256|Duchy_of_Parma|http://dbpedia.org/resource/Duchy_of_Parma
35257|The_Protectorate|http://dbpedia.org/resource/The_Protectorate
35258|Parthian_Empire|http://dbpedia.org/resource/Parthian_Empire
35259|Chera_Dynasty|http://dbpedia.org/resource/Chera_Dynasty
35260|Wessex|http://dbpedia.org/resource/Wessex
35261|Saxe-Weimar-Eisenach|http://dbpedia.org/resource/Saxe-Weimar-Eisenach
35262|Ayutthaya_Kingdom|http://dbpedia.org/resource/Ayutthaya_Kingdom
35263|Kingdom_of_Westphalia|http://dbpedia.org/resource/Kingdom_of_Westphalia
35264|Free_City_of_Lübeck|http://dbpedia.org/resource/Free_City_of_Lübeck
35265|Liao_Dynasty|http://dbpedia.org/resource/Liao_Dynasty
35266|Batavian_Republic|http://dbpedia.org/resource/Batavian_Republic
35267|South_Georgia_and_the_South_Sandwich_Islands|http://dbpedia.org/resource/South_Georgia_and_the_South_Sandwich_Islands
35268|Shang_Dynasty|http://dbpedia.org/resource/Shang_Dynasty
35269|Fugger|http://dbpedia.org/resource/Fugger
35270|Mercia|http://dbpedia.org/resource/Mercia
35271|Ascension_Island|http://dbpedia.org/resource/Ascension_Island
35272|Viceroyalty_of_Peru|http://dbpedia.org/resource/Viceroyalty_of_Peru
35273|Cisalpine_Republic|http://dbpedia.org/resource/Cisalpine_Republic
35275|Transvaal_Colony|http://dbpedia.org/resource/Transvaal_Colony
35276|Bishopric_of_Utrecht|http://dbpedia.org/resource/Bishopric_of_Utrecht
35278|Serbian_Empire|http://dbpedia.org/resource/Serbian_Empire
35280|Gagauzia|http://dbpedia.org/resource/Gagauzia
35281|Guelders|http://dbpedia.org/resource/Guelders
35282|Svalbard|http://dbpedia.org/resource/Svalbard
35284|Anjouan|http://dbpedia.org/resource/Anjouan
35285|Cao_Wei|http://dbpedia.org/resource/Cao_Wei
35286|Mayotte|http://dbpedia.org/resource/Mayotte
35287|Duchy_of_Bavaria|http://dbpedia.org/resource/Duchy_of_Bavaria
35289|Himyarite_Kingdom|http://dbpedia.org/resource/Himyarite_Kingdom
35290|Despotate_of_Epirus|http://dbpedia.org/resource/Despotate_of_Epirus
35291|Duchy_of_Brittany|http://dbpedia.org/resource/Duchy_of_Brittany
35292|Kingdom_of_Essex|http://dbpedia.org/resource/Kingdom_of_Essex
35293|East_Bengal|http://dbpedia.org/resource/East_Bengal
35294|Lithuanian_Soviet_Socialist_Republic|http://dbpedia.org/resource/Lithuanian_Soviet_Socialist_Republic
35295|Duchy_of_Cleves|http://dbpedia.org/resource/Duchy_of_Cleves
35297|Kalmar_Union|http://dbpedia.org/resource/Kalmar_Union
35299|Mount_Athos|http://dbpedia.org/resource/Mount_Athos
35300|West_Francia|http://dbpedia.org/resource/West_Francia
35302|Ostrogothic_Kingdom|http://dbpedia.org/resource/Ostrogothic_Kingdom
35303|Rashtrakuta_Dynasty|http://dbpedia.org/resource/Rashtrakuta_Dynasty
35307|Kingdom_of_Gwent|http://dbpedia.org/resource/Kingdom_of_Gwent
35312|Ottoman_Syria|http://dbpedia.org/resource/Ottoman_Syria
35318|Rashidun_Caliphate|http://dbpedia.org/resource/Rashidun_Caliphate
35319|Arenberg|http://dbpedia.org/resource/Arenberg
35322|Duchy_of_Styria|http://dbpedia.org/resource/Duchy_of_Styria
35323|Indo-Parthian_Kingdom|http://dbpedia.org/resource/Indo-Parthian_Kingdom
35324|Principality_of_Lippe|http://dbpedia.org/resource/Principality_of_Lippe
35325|Austrian_Silesia|http://dbpedia.org/resource/Austrian_Silesia
35326|Indo-Scythians|http://dbpedia.org/resource/Indo-Scythians
35329|Thurn_und_Taxis|http://dbpedia.org/resource/Thurn_und_Taxis
35330|Transcaucasian_Socialist_Federative_Soviet_Republic|http://dbpedia.org/resource/Transcaucasian_Socialist_Federative_Soviet_Republic
35331|Duchy_of_Teschen|http://dbpedia.org/resource/Duchy_of_Teschen
35332|Landgraviate_of_Hesse-Darmstadt|http://dbpedia.org/resource/Landgraviate_of_Hesse-Darmstadt
35333|Archbishopric_of_Mainz|http://dbpedia.org/resource/Archbishopric_of_Mainz
35334|Electorate_of_Cologne|http://dbpedia.org/resource/Electorate_of_Cologne
35335|Schwarzburg-Sondershausen|http://dbpedia.org/resource/Schwarzburg-Sondershausen
35336|Swedish_Pomerania|http://dbpedia.org/resource/Swedish_Pomerania
35337|Archbishopric_of_Bremen|http://dbpedia.org/resource/Archbishopric_of_Bremen
35338|Principality_of_Brunswick-Wolfenbüttel|http://dbpedia.org/resource/Principality_of_Brunswick-Wolfenbüttel
35339|Duchy_of_Silesia|http://dbpedia.org/resource/Duchy_of_Silesia
35352|Saxe-Altenburg|http://dbpedia.org/resource/Saxe-Altenburg
35353|Saxe-Lauenburg|http://dbpedia.org/resource/Saxe-Lauenburg
35354|Saxe-Meiningen|http://dbpedia.org/resource/Saxe-Meiningen
35355|First_Czechoslovak_Republic|http://dbpedia.org/resource/First_Czechoslovak_Republic
35358|Derg|http://dbpedia.org/resource/Derg
35359|Gorizia_and_Gradisca|http://dbpedia.org/resource/Gorizia_and_Gradisca
35362|Achaean_League|http://dbpedia.org/resource/Achaean_League
35365|Prince-Bishopric_of_Osnabrück|http://dbpedia.org/resource/Prince-Bishopric_of_Osnabrück
35366|County_of_Mark|http://dbpedia.org/resource/County_of_Mark
35367|Bishopric_of_Würzburg|http://dbpedia.org/resource/Bishopric_of_Würzburg
35369|Duchy_of_Pomerania|http://dbpedia.org/resource/Duchy_of_Pomerania
35379|Gurjara-Pratihara|http://dbpedia.org/resource/Gurjara-Pratihara
35382|Archbishopric_of_Salzburg|http://dbpedia.org/resource/Archbishopric_of_Salzburg
35384|Kamerun|http://dbpedia.org/resource/Kamerun
35387|Chalukya_dynasty|http://dbpedia.org/resource/Chalukya_dynasty
35393|Democratic_Kampuchea|http://dbpedia.org/resource/Democratic_Kampuchea
35394|Vladimir-Suzdal|http://dbpedia.org/resource/Vladimir-Suzdal
35395|Organisation_internationale_de_la_Francophonie|http://dbpedia.org/resource/Organisation_internationale_de_la_Francophonie
35396|Grande_Comore|http://dbpedia.org/resource/Grande_Comore
35398|Second_Bulgarian_Empire|http://dbpedia.org/resource/Second_Bulgarian_Empire
35399|Bouvet_Island|http://dbpedia.org/resource/Bouvet_Island
35400|Despotate_of_the_Morea|http://dbpedia.org/resource/Despotate_of_the_Morea
35401|Hephthalite|http://dbpedia.org/resource/Hephthalite
35402|Dacia|http://dbpedia.org/resource/Dacia
35403|Medes|http://dbpedia.org/resource/Medes
35404|Moche|http://dbpedia.org/resource/Moche
35405|Sultanate_of_Rum|http://dbpedia.org/resource/Sultanate_of_Rum
35406|Latvian_Soviet_Socialist_Republic|http://dbpedia.org/resource/Latvian_Soviet_Socialist_Republic
35407|Uzbek_Soviet_Socialist_Republic|http://dbpedia.org/resource/Uzbek_Soviet_Socialist_Republic
35408|Duchy_of_Carinthia|http://dbpedia.org/resource/Duchy_of_Carinthia
35409|Prince-Bishopric_of_Bamberg|http://dbpedia.org/resource/Prince-Bishopric_of_Bamberg
35410|Archbishopric_of_Magdeburg|http://dbpedia.org/resource/Archbishopric_of_Magdeburg
35411|Tughlaq_dynasty|http://dbpedia.org/resource/Tughlaq_dynasty
35412|Pala_Empire|http://dbpedia.org/resource/Pala_Empire
35415|Ancient_Corinth|http://dbpedia.org/resource/Ancient_Corinth
35419|Japanese_occupation_of_Singapore|http://dbpedia.org/resource/Japanese_occupation_of_Singapore
35431|Landgraviate_of_Hesse|http://dbpedia.org/resource/Landgraviate_of_Hesse
35434|Samogitia|http://dbpedia.org/resource/Samogitia
35435|Principality_of_Bulgaria|http://dbpedia.org/resource/Principality_of_Bulgaria
35439|Prince-Bishopric_of_Münster|http://dbpedia.org/resource/Prince-Bishopric_of_Münster
35440|Electorate_of_Trier|http://dbpedia.org/resource/Electorate_of_Trier
35441|County_of_Sponheim|http://dbpedia.org/resource/County_of_Sponheim
35442|Bishopric_of_Worms|http://dbpedia.org/resource/Bishopric_of_Worms
35443|Prince-Bishopric_of_Paderborn|http://dbpedia.org/resource/Prince-Bishopric_of_Paderborn
35445|Roman_Catholic_Diocese_of_Passau|http://dbpedia.org/resource/Roman_Catholic_Diocese_of_Passau
35446|Hohenzollern-Hechingen|http://dbpedia.org/resource/Hohenzollern-Hechingen
35447|Bremen-Verden|http://dbpedia.org/resource/Bremen-Verden
35448|South_Pacific_Mandate|http://dbpedia.org/resource/South_Pacific_Mandate
35451|Principality_of_Polotsk|http://dbpedia.org/resource/Principality_of_Polotsk
35452|French_protectorate_of_Morocco|http://dbpedia.org/resource/French_protectorate_of_Morocco
35453|Marinid_dynasty|http://dbpedia.org/resource/Marinid_dynasty
35454|County_of_Burgundy|http://dbpedia.org/resource/County_of_Burgundy
35455|County_of_Flanders|http://dbpedia.org/resource/County_of_Flanders
35456|Empire_of_Nicaea|http://dbpedia.org/resource/Empire_of_Nicaea
35457|Saadi_dynasty|http://dbpedia.org/resource/Saadi_dynasty
35458|Caucasian_Albania|http://dbpedia.org/resource/Caucasian_Albania
35460|Vojvodina|http://dbpedia.org/resource/Vojvodina
35461|Duchy_of_Jülich|http://dbpedia.org/resource/Duchy_of_Jülich
35462|Kabul_Shahi|http://dbpedia.org/resource/Kabul_Shahi
35463|Turkmen_Soviet_Socialist_Republic|http://dbpedia.org/resource/Turkmen_Soviet_Socialist_Republic
35464|Volga_Bulgaria|http://dbpedia.org/resource/Volga_Bulgaria
35465|Kingdom_of_Aragon|http://dbpedia.org/resource/Kingdom_of_Aragon
35466|Kingdom_of_Galicia|http://dbpedia.org/resource/Kingdom_of_Galicia
35468|Commonwealth_of_Independent_States|http://dbpedia.org/resource/Commonwealth_of_Independent_States
35469|Deheubarth|http://dbpedia.org/resource/Deheubarth
35470|Ghaznavids|http://dbpedia.org/resource/Ghaznavids
35471|Nakhchivan|http://dbpedia.org/resource/Nakhchivan
35472|Principality_of_Achaea|http://dbpedia.org/resource/Principality_of_Achaea
35473|Principality_of_Serbia|http://dbpedia.org/resource/Principality_of_Serbia
35474|Sikh_Empire|http://dbpedia.org/resource/Sikh_Empire
35477|Duchy_of_Savoy|http://dbpedia.org/resource/Duchy_of_Savoy
35478|County_of_Edessa|http://dbpedia.org/resource/County_of_Edessa
35479|County_of_Hainaut|http://dbpedia.org/resource/County_of_Hainaut
35480|County_of_Holland|http://dbpedia.org/resource/County_of_Holland
35481|Kingdom_of_Lombardy–Venetia|http://dbpedia.org/resource/Kingdom_of_Lombardy–Venetia
35483|March_of_Tuscany|http://dbpedia.org/resource/March_of_Tuscany
35486|Principality_of_Bayreuth|http://dbpedia.org/resource/Principality_of_Bayreuth
35487|Southern_Han|http://dbpedia.org/resource/Southern_Han
35496|French_Somaliland|http://dbpedia.org/resource/French_Somaliland
35500|County,_Duchy_and_Grand_Duchy_of_Luxembourg|http://dbpedia.org/resource/County,_Duchy_and_Grand_Duchy_of_Luxembourg
35502|Kingdom_of_Croatia-Slavonia|http://dbpedia.org/resource/Kingdom_of_Croatia-Slavonia
35504|Duchy_of_Courland_and_Semigallia|http://dbpedia.org/resource/Duchy_of_Courland_and_Semigallia
35505|Bavarian_Soviet_Republic|http://dbpedia.org/resource/Bavarian_Soviet_Republic
35506|Kingdom_of_Montenegro|http://dbpedia.org/resource/Kingdom_of_Montenegro
35510|Torres_Strait_Islands|http://dbpedia.org/resource/Torres_Strait_Islands
35511|Schwarzburg-Rudolstadt|http://dbpedia.org/resource/Schwarzburg-Rudolstadt
35512|Hesse-Homburg|http://dbpedia.org/resource/Hesse-Homburg
35513|Saxe-Coburg-Saalfeld|http://dbpedia.org/resource/Saxe-Coburg-Saalfeld
35514|Schaumburg-Lippe|http://dbpedia.org/resource/Schaumburg-Lippe
35515|Bishopric_of_Hildesheim|http://dbpedia.org/resource/Bishopric_of_Hildesheim
35517|Great_Seljuq_Empire|http://dbpedia.org/resource/Great_Seljuq_Empire
35519|Taiwan_under_Japanese_rule|http://dbpedia.org/resource/Taiwan_under_Japanese_rule
35521|Canton_of_Neuchâtel|http://dbpedia.org/resource/Canton_of_Neuchâtel
35522|Empire_of_Trebizond|http://dbpedia.org/resource/Empire_of_Trebizond
35523|Serbian_Despotate|http://dbpedia.org/resource/Serbian_Despotate
35524|Bahmani_Sultanate|http://dbpedia.org/resource/Bahmani_Sultanate
35525|Kara-Khanid_Khanate|http://dbpedia.org/resource/Kara-Khanid_Khanate
35526|Byelorussian_Soviet_Socialist_Republic|http://dbpedia.org/resource/Byelorussian_Soviet_Socialist_Republic
35527|Duchy_of_the_Archipelago|http://dbpedia.org/resource/Duchy_of_the_Archipelago
35528|Latin_Empire|http://dbpedia.org/resource/Latin_Empire
35529|Adjara|http://dbpedia.org/resource/Adjara
35530|Buyid_dynasty|http://dbpedia.org/resource/Buyid_dynasty
35531|Frisia|http://dbpedia.org/resource/Frisia
35533|Urartu|http://dbpedia.org/resource/Urartu
35534|Vijayanagara_Empire|http://dbpedia.org/resource/Vijayanagara_Empire
35535|Armenian_Kingdom_of_Cilicia|http://dbpedia.org/resource/Armenian_Kingdom_of_Cilicia
35536|Democratic_Republic_of_Georgia|http://dbpedia.org/resource/Democratic_Republic_of_Georgia
35537|Duchy_of_Modena_and_Reggio|http://dbpedia.org/resource/Duchy_of_Modena_and_Reggio
35538|Tajik_Soviet_Socialist_Republic|http://dbpedia.org/resource/Tajik_Soviet_Socialist_Republic
35539|Nagorno-Karabakh|http://dbpedia.org/resource/Nagorno-Karabakh
35540|Azuchi–Momoyama_period|http://dbpedia.org/resource/Azuchi–Momoyama_period
35541|Swedish_Empire|http://dbpedia.org/resource/Swedish_Empire
35545|Territory_of_Papua|http://dbpedia.org/resource/Territory_of_Papua
35646|Kingdom_of_Kent|http://dbpedia.org/resource/Kingdom_of_Kent
35649|Kingdom_of_East_Anglia|http://dbpedia.org/resource/Kingdom_of_East_Anglia
35659|Kingdom_of_Sussex|http://dbpedia.org/resource/Kingdom_of_Sussex
35660|Aq_Qoyunlu|http://dbpedia.org/resource/Aq_Qoyunlu
35661|Kingdom_of_Valencia|http://dbpedia.org/resource/Kingdom_of_Valencia
35681|Kakatiya_dynasty|http://dbpedia.org/resource/Kakatiya_dynasty
35684|Magadha|http://dbpedia.org/resource/Magadha
35685|Shu_Han|http://dbpedia.org/resource/Shu_Han
35686|Duchy_of_Athens|http://dbpedia.org/resource/Duchy_of_Athens
35687|Sunga_Empire|http://dbpedia.org/resource/Sunga_Empire
35688|Emirate_of_Bukhara|http://dbpedia.org/resource/Emirate_of_Bukhara
35689|Kara_Koyunlu|http://dbpedia.org/resource/Kara_Koyunlu
35690|Chagatai_Khanate|http://dbpedia.org/resource/Chagatai_Khanate
35691|Kingdom_of_Nekor|http://dbpedia.org/resource/Kingdom_of_Nekor
35692|Kingdom_of_Kandy|http://dbpedia.org/resource/Kingdom_of_Kandy
35693|Solanki|http://dbpedia.org/resource/Solanki
35694|Malacca_Sultanate|http://dbpedia.org/resource/Malacca_Sultanate
35695|Western_Satraps|http://dbpedia.org/resource/Western_Satraps
35696|Lanna|http://dbpedia.org/resource/Lanna
35697|Ouaddai_Empire|http://dbpedia.org/resource/Ouaddai_Empire
35698|Liang_Dynasty|http://dbpedia.org/resource/Liang_Dynasty
35700|Hoysala_Empire|http://dbpedia.org/resource/Hoysala_Empire
35701|Satavahana_dynasty|http://dbpedia.org/resource/Satavahana_dynasty
35702|Adil_Shahi_dynasty|http://dbpedia.org/resource/Adil_Shahi_dynasty
35703|Rouran_Khaganate|http://dbpedia.org/resource/Rouran_Khaganate
35704|Kara-Khitan_Khanate|http://dbpedia.org/resource/Kara-Khitan_Khanate
35705|Sukhothai_Kingdom|http://dbpedia.org/resource/Sukhothai_Kingdom
35706|Western_Chalukya_Empire|http://dbpedia.org/resource/Western_Chalukya_Empire
35709|Bishopric_of_Lübeck|http://dbpedia.org/resource/Bishopric_of_Lübeck
35710|Saxe-Gotha|http://dbpedia.org/resource/Saxe-Gotha
35711|Idrisid_dynasty|http://dbpedia.org/resource/Idrisid_dynasty
35712|Kingdom_of_Cochin|http://dbpedia.org/resource/Kingdom_of_Cochin
35713|Kingdom_of_Asturias|http://dbpedia.org/resource/Kingdom_of_Asturias
35714|Duchy_of_Milan|http://dbpedia.org/resource/Duchy_of_Milan
35715|Western_Ganga_Dynasty|http://dbpedia.org/resource/Western_Ganga_Dynasty
35716|Northern_Yuan_Dynasty|http://dbpedia.org/resource/Northern_Yuan_Dynasty
35717|Harsha|http://dbpedia.org/resource/Harsha
35718|Ahom_kingdom|http://dbpedia.org/resource/Ahom_kingdom
35719|Kadamba_Dynasty|http://dbpedia.org/resource/Kadamba_Dynasty
35720|Jaffna_kingdom|http://dbpedia.org/resource/Jaffna_kingdom
37040|Principality_of_Lüneburg|http://dbpedia.org/resource/Principality_of_Lüneburg
37041|Demerara|http://dbpedia.org/resource/Demerara
37042|Margraviate_of_Meissen|http://dbpedia.org/resource/Margraviate_of_Meissen
37043|Principality_of_Anhalt-Zerbst|http://dbpedia.org/resource/Principality_of_Anhalt-Zerbst
37044|Wied|http://dbpedia.org/resource/Wied
37045|Ammon|http://dbpedia.org/resource/Ammon
37047|Saxe-Hildburghausen|http://dbpedia.org/resource/Saxe-Hildburghausen
37049|Kingdom_of_Tahiti|http://dbpedia.org/resource/Kingdom_of_Tahiti
37050|House_of_Nassau-Weilburg|http://dbpedia.org/resource/House_of_Nassau-Weilburg
37068|Eastern_Wu|http://dbpedia.org/resource/Eastern_Wu
37073|Principality_of_Littoral_Croatia|http://dbpedia.org/resource/Principality_of_Littoral_Croatia
37075|Lesser_Armenia|http://dbpedia.org/resource/Lesser_Armenia
37097|Kerguelen_Islands|http://dbpedia.org/resource/Kerguelen_Islands
37099|Saba|http://dbpedia.org/resource/Saba
37100|Rodrigues|http://dbpedia.org/resource/Rodrigues
37101|Rotuma|http://dbpedia.org/resource/Rotuma
37133|Federated_Malay_States|http://dbpedia.org/resource/Federated_Malay_States
37224|Kingdom_of_Tavolara|http://dbpedia.org/resource/Kingdom_of_Tavolara
37225|Anhalt-Dessau|http://dbpedia.org/resource/Anhalt-Dessau
37226|Anhalt-Bernburg|http://dbpedia.org/resource/Anhalt-Bernburg
37228|Australian_Antarctic_Territory|http://dbpedia.org/resource/Australian_Antarctic_Territory
37229|Kingdom_of_Rwanda|http://dbpedia.org/resource/Kingdom_of_Rwanda
37230|Khanate_of_Kokand|http://dbpedia.org/resource/Khanate_of_Kokand
37231|French_Southern_and_Antarctic_Lands|http://dbpedia.org/resource/French_Southern_and_Antarctic_Lands
37232|Anhalt-Köthen|http://dbpedia.org/resource/Anhalt-Köthen
37233|Principality_of_Ansbach|http://dbpedia.org/resource/Principality_of_Ansbach
37234|Bonaire|http://dbpedia.org/resource/Bonaire
37235|Kingdom_of_Powys|http://dbpedia.org/resource/Kingdom_of_Powys
37239|Republic_of_Pisa|http://dbpedia.org/resource/Republic_of_Pisa
37240|Collectivity_of_Saint_Martin|http://dbpedia.org/resource/Collectivity_of_Saint_Martin
37241|Kingdom_of_Bosnia|http://dbpedia.org/resource/Kingdom_of_Bosnia
37246|Japanese_occupation_of_Hong_Kong|http://dbpedia.org/resource/Japanese_occupation_of_Hong_Kong
37248|Mauretania|http://dbpedia.org/resource/Mauretania
37291|Western_Xia|http://dbpedia.org/resource/Western_Xia
37292|Osroene|http://dbpedia.org/resource/Osroene
37293|Mataram_Sultanate|http://dbpedia.org/resource/Mataram_Sultanate
37294|Mosquito_Coast|http://dbpedia.org/resource/Mosquito_Coast
37295|Western_Turkic_Khaganate|http://dbpedia.org/resource/Western_Turkic_Khaganate
37886|Adélie_Land|http://dbpedia.org/resource/Adélie_Land
38006|Sint_Eustatius|http://dbpedia.org/resource/Sint_Eustatius
38007|Lan_Xang|http://dbpedia.org/resource/Lan_Xang
38090|Odrysian_kingdom|http://dbpedia.org/resource/Odrysian_kingdom
38096|County_of_Savoy|http://dbpedia.org/resource/County_of_Savoy
38097|British_Hong_Kong|http://dbpedia.org/resource/British_Hong_Kong
38098|Kingdom_of_Cyprus|http://dbpedia.org/resource/Kingdom_of_Cyprus
38099|Bishopric_of_Constance|http://dbpedia.org/resource/Bishopric_of_Constance
38130|Principality_of_Taranto|http://dbpedia.org/resource/Principality_of_Taranto
38167|Zirid_dynasty|http://dbpedia.org/resource/Zirid_dynasty
38168|Gaya_confederacy|http://dbpedia.org/resource/Gaya_confederacy
38169|Northern_Zhou|http://dbpedia.org/resource/Northern_Zhou
38170|Liu_Song_Dynasty|http://dbpedia.org/resource/Liu_Song_Dynasty
38171|Chen_Dynasty|http://dbpedia.org/resource/Chen_Dynasty
38172|Northern_Wei|http://dbpedia.org/resource/Northern_Wei
38173|Northern_Qi|http://dbpedia.org/resource/Northern_Qi
38174|Hammadid|http://dbpedia.org/resource/Hammadid
38176|Former_Qin|http://dbpedia.org/resource/Former_Qin
38178|Duchy_of_Swabia|http://dbpedia.org/resource/Duchy_of_Swabia
38179|Kingdom_of_Commagene|http://dbpedia.org/resource/Kingdom_of_Commagene
38180|Nabataean_kingdom|http://dbpedia.org/resource/Nabataean_kingdom
38441|Puntland|http://dbpedia.org/resource/Puntland
38442|Caribbean_Netherlands|http://dbpedia.org/resource/Caribbean_Netherlands
38676|Duchy_of_Amalfi|http://dbpedia.org/resource/Duchy_of_Amalfi
38679|March_of_Montferrat|http://dbpedia.org/resource/March_of_Montferrat
38971|Cayor|http://dbpedia.org/resource/Cayor
39000|Crozet_Islands|http://dbpedia.org/resource/Crozet_Islands
39038|Southern_Qi|http://dbpedia.org/resource/Southern_Qi
39109|County_of_Namur|http://dbpedia.org/resource/County_of_Namur
39110|Western_Wei|http://dbpedia.org/resource/Western_Wei
39111|Ross_Dependency|http://dbpedia.org/resource/Ross_Dependency
39113|Wuyue|http://dbpedia.org/resource/Wuyue
39124|Former_Yan|http://dbpedia.org/resource/Former_Yan
39130|Chūzan|http://dbpedia.org/resource/Chūzan
39136|Kingdom_of_Kaffa|http://dbpedia.org/resource/Kingdom_of_Kaffa
39204|Hokuzan|http://dbpedia.org/resource/Hokuzan
39205|Nanzan|http://dbpedia.org/resource/Nanzan
39242|Limmu-Ennarea|http://dbpedia.org/resource/Limmu-Ennarea
23247|Diego_Maradona|http://dbpedia.org/resource/Diego_Maradona
23291|Alfredo_Di_Stéfano|http://dbpedia.org/resource/Alfredo_Di_Stéfano
23499|Romário|http://dbpedia.org/resource/Romário
23917|Arsène_Wenger|http://dbpedia.org/resource/Arsène_Wenger
23958|Michel_Platini|http://dbpedia.org/resource/Michel_Platini
23966|Eric_Cantona|http://dbpedia.org/resource/Eric_Cantona
24148|Franz_Beckenbauer|http://dbpedia.org/resource/Franz_Beckenbauer
24150|Jürgen_Klinsmann|http://dbpedia.org/resource/Jürgen_Klinsmann
24188|Lothar_Matthäus|http://dbpedia.org/resource/Lothar_Matthäus
24554|Fabio_Capello|http://dbpedia.org/resource/Fabio_Capello
24585|Gianluca_Vialli|http://dbpedia.org/resource/Gianluca_Vialli
24591|Roberto_Mancini|http://dbpedia.org/resource/Roberto_Mancini
24709|Johan_Cruyff|http://dbpedia.org/resource/Johan_Cruyff
24713|Ruud_Gullit|http://dbpedia.org/resource/Ruud_Gullit
24718|Marco_van_Basten|http://dbpedia.org/resource/Marco_van_Basten
24720|Dennis_Bergkamp|http://dbpedia.org/resource/Dennis_Bergkamp
24862|Roy_Keane|http://dbpedia.org/resource/Roy_Keane
25088|Rafael_Benítez|http://dbpedia.org/resource/Rafael_Benítez
25123|Sven-Göran_Eriksson|http://dbpedia.org/resource/Sven-Göran_Eriksson
25130|Henrik_Larsson|http://dbpedia.org/resource/Henrik_Larsson
25335|Alex_Ferguson|http://dbpedia.org/resource/Alex_Ferguson
25466|Kevin_Keegan|http://dbpedia.org/resource/Kevin_Keegan
25479|Alan_Shearer|http://dbpedia.org/resource/Alan_Shearer
25490|Kenny_Dalglish|http://dbpedia.org/resource/Kenny_Dalglish
25616|Bobby_Robson|http://dbpedia.org/resource/Bobby_Robson
25621|Graeme_Souness|http://dbpedia.org/resource/Graeme_Souness
25698|Bobby_Charlton|http://dbpedia.org/resource/Bobby_Charlton
25704|Harry_Redknapp|http://dbpedia.org/resource/Harry_Redknapp
25710|Stanley_Matthews|http://dbpedia.org/resource/Stanley_Matthews
25713|Bryan_Robson|http://dbpedia.org/resource/Bryan_Robson
25720|Paul_Gascoigne|http://dbpedia.org/resource/Paul_Gascoigne
25740|Glenn_Hoddle|http://dbpedia.org/resource/Glenn_Hoddle
25785|Robbie_Fowler|http://dbpedia.org/resource/Robbie_Fowler
25802|Gordon_Strachan|http://dbpedia.org/resource/Gordon_Strachan
25825|Terry_Venables|http://dbpedia.org/resource/Terry_Venables
25837|Paul_Ince|http://dbpedia.org/resource/Paul_Ince
25879|Sam_Allardyce|http://dbpedia.org/resource/Sam_Allardyce
25884|Steve_Bruce|http://dbpedia.org/resource/Steve_Bruce
25897|Bobby_Moore|http://dbpedia.org/resource/Bobby_Moore
25922|Alan_Ball,_Jr.|http://dbpedia.org/resource/Alan_Ball,_Jr.
25930|Matt_Busby|http://dbpedia.org/resource/Matt_Busby
25950|Alex_McLeish|http://dbpedia.org/resource/Alex_McLeish
25979|Gary_Neville|http://dbpedia.org/resource/Gary_Neville
28095|Mark_Hughes|http://dbpedia.org/resource/Mark_Hughes
28104|Ian_Rush|http://dbpedia.org/resource/Ian_Rush
28298|Interpol|http://dbpedia.org/resource/Interpol
28299|Ludwig_van_Beethoven|http://dbpedia.org/resource/Ludwig_van_Beethoven
28369|Sergei_Rachmaninoff|http://dbpedia.org/resource/Sergei_Rachmaninoff
28395|Georges_Bizet|http://dbpedia.org/resource/Georges_Bizet
28399|Ralph_Vaughan_Williams|http://dbpedia.org/resource/Ralph_Vaughan_Williams
29594|Aristophanes|http://dbpedia.org/resource/Aristophanes
29596|Johannes_Brahms|http://dbpedia.org/resource/Johannes_Brahms
29621|14th_Dalai_Lama|http://dbpedia.org/resource/14th_Dalai_Lama
29682|The_Spaghetti_Incident?|http://dbpedia.org/resource/The_Spaghetti_Incident?
29685|Claude_Debussy|http://dbpedia.org/resource/Claude_Debussy
30174|Giuseppe_Verdi|http://dbpedia.org/resource/Giuseppe_Verdi
30176|Leonard_Bernstein|http://dbpedia.org/resource/Leonard_Bernstein
30187|John_Cage|http://dbpedia.org/resource/John_Cage
30197|Ric_Flair|http://dbpedia.org/resource/Ric_Flair
30237|Kurt_Weill|http://dbpedia.org/resource/Kurt_Weill
30250|Plácido_Domingo|http://dbpedia.org/resource/Plácido_Domingo
30265|Scott_Yanow|http://dbpedia.org/resource/Scott_Yanow
30572|Love_and_Theft|http://dbpedia.org/resource/Love_and_Theft
32445|Governor-General_of_Australia|http://dbpedia.org/resource/Governor-General_of_Australia
33264|Ali|http://dbpedia.org/resource/Ali
33685|Joseph_Smith|http://dbpedia.org/resource/Joseph_Smith
34483|Josephus|http://dbpedia.org/resource/Josephus
34574|Edward_L._G._Bowell|http://dbpedia.org/resource/Edward_L._G._Bowell
34601|Nikolai_Chernykh|http://dbpedia.org/resource/Nikolai_Chernykh
34643|Eric_Walter_Elst|http://dbpedia.org/resource/Eric_Walter_Elst
34661|Heroes|http://dbpedia.org/resource/Heroes
35238|Eusebius_of_Caesarea|http://dbpedia.org/resource/Eusebius_of_Caesarea
37052|George_Albert_Boulenger|http://dbpedia.org/resource/George_Albert_Boulenger
37064|Cornelis_Johannes_van_Houten|http://dbpedia.org/resource/Cornelis_Johannes_van_Houten
37065|Takao_Kobayashi|http://dbpedia.org/resource/Takao_Kobayashi
37098|Edward_Meyrick|http://dbpedia.org/resource/Edward_Meyrick
37102|Arthur_William_Baden_Powell|http://dbpedia.org/resource/Arthur_William_Baden_Powell
26347|Al_Capone|http://dbpedia.org/resource/Al_Capone
26494|Charles_Manson|http://dbpedia.org/resource/Charles_Manson
27407|John_Gotti|http://dbpedia.org/resource/John_Gotti
27461|Bernard_Madoff|http://dbpedia.org/resource/Bernard_Madoff
27565|Timothy_McVeigh|http://dbpedia.org/resource/Timothy_McVeigh
27733|John_Dillinger|http://dbpedia.org/resource/John_Dillinger
23603|Stéphane_Dion|http://dbpedia.org/resource/Stéphane_Dion
25213|Robert_Maxwell|http://dbpedia.org/resource/Robert_Maxwell
25417|Horace_Walpole|http://dbpedia.org/resource/Horace_Walpole
25559|Oswald_Mosley|http://dbpedia.org/resource/Oswald_Mosley
25694|Glenda_Jackson|http://dbpedia.org/resource/Glenda_Jackson
25731|George_Galloway|http://dbpedia.org/resource/George_Galloway
24673|Venustiano_Carranza|http://dbpedia.org/resource/Venustiano_Carranza
24404|Ralph_Bakshi|http://dbpedia.org/resource/Ralph_Bakshi
28314|Superman|http://dbpedia.org/resource/Superman
28393|Captain_America|http://dbpedia.org/resource/Captain_America
30238|Lex_Luthor|http://dbpedia.org/resource/Lex_Luthor
30248|Spider-Man|http://dbpedia.org/resource/Spider-Man
30783|Batman|http://dbpedia.org/resource/Batman
23798|Haile_Gebrselassie|http://dbpedia.org/resource/Haile_Gebrselassie
27091|Tony_Hawk|http://dbpedia.org/resource/Tony_Hawk
27398|Carl_Lewis|http://dbpedia.org/resource/Carl_Lewis
27603|Jesse_Owens|http://dbpedia.org/resource/Jesse_Owens
27918|Marion_Jones|http://dbpedia.org/resource/Marion_Jones
24283|Subhas_Chandra_Bose|http://dbpedia.org/resource/Subhas_Chandra_Bose
23761|Søren_Kierkegaard|http://dbpedia.org/resource/Søren_Kierkegaard
23302|Donald_Bradman|http://dbpedia.org/resource/Donald_Bradman
25477|Thomas_Wolsey|http://dbpedia.org/resource/Thomas_Wolsey
23496|Maria_II_of_Portugal|http://dbpedia.org/resource/Maria_II_of_Portugal
24757|Khalid_Sheikh_Mohammed|http://dbpedia.org/resource/Khalid_Sheikh_Mohammed
24929|Alexander_III_of_Russia|http://dbpedia.org/resource/Alexander_III_of_Russia
23454|Jacques_Brel|http://dbpedia.org/resource/Jacques_Brel
26561|Poul_Anderson|http://dbpedia.org/resource/Poul_Anderson
23450|Django_Reinhardt|http://dbpedia.org/resource/Django_Reinhardt
23486|Ronaldinho|http://dbpedia.org/resource/Ronaldinho
24678|Francisco_I._Madero|http://dbpedia.org/resource/Francisco_I._Madero
24838|Luís_Figo|http://dbpedia.org/resource/Luís_Figo
24944|Elizabeth_of_Russia|http://dbpedia.org/resource/Elizabeth_of_Russia
24810|Andrzej_Wajda|http://dbpedia.org/resource/Andrzej_Wajda
24618|Olivia_de_Havilland|http://dbpedia.org/resource/Olivia_de_Havilland
24773|Manny_Pacquiao|http://dbpedia.org/resource/Manny_Pacquiao
24357|Rani_Mukerji|http://dbpedia.org/resource/Rani_Mukerji
23679|Juan_Pablo_Montoya|http://dbpedia.org/resource/Juan_Pablo_Montoya
25049|José_Luis_Rodríguez_Zapatero|http://dbpedia.org/resource/José_Luis_Rodríguez_Zapatero
25583|Ralph_Richardson|http://dbpedia.org/resource/Ralph_Richardson
26589|Frank_Herbert|http://dbpedia.org/resource/Frank_Herbert
23493|Heitor_Villa-Lobos|http://dbpedia.org/resource/Heitor_Villa-Lobos
23664|John_Woo|http://dbpedia.org/resource/John_Woo
24069|Karl_Wilhelm_Reinmuth|http://dbpedia.org/resource/Karl_Wilhelm_Reinmuth
24839|Denis_of_Portugal|http://dbpedia.org/resource/Denis_of_Portugal
24247|Arthur_Koestler|http://dbpedia.org/resource/Arthur_Koestler
28102|Henry_Morton_Stanley|http://dbpedia.org/resource/Henry_Morton_Stanley
23446|Olivier_Rochus|http://dbpedia.org/resource/Olivier_Rochus
24701|Jan_Siemerink|http://dbpedia.org/resource/Jan_Siemerink
24930|Maria_Kirilenko|http://dbpedia.org/resource/Maria_Kirilenko
23460|Thierry_Boutsen|http://dbpedia.org/resource/Thierry_Boutsen
23649|Paul_Capdeville|http://dbpedia.org/resource/Paul_Capdeville
24925|Maria_Sharapova|http://dbpedia.org/resource/Maria_Sharapova
25217|Sergei_Korolev|http://dbpedia.org/resource/Sergei_Korolev
23435|Menachem_Begin|http://dbpedia.org/resource/Menachem_Begin
25026|Albert_Montañés|http://dbpedia.org/resource/Albert_Montañés
24612|Kin_Endate|http://dbpedia.org/resource/Kin_Endate
24565|Pliny_the_Younger|http://dbpedia.org/resource/Pliny_the_Younger
23253|Gastón_Gaudio|http://dbpedia.org/resource/Gastón_Gaudio
23783|Catherine_of_Alexandria|http://dbpedia.org/resource/Catherine_of_Alexandria
24921|Mikhail_Youzhny|http://dbpedia.org/resource/Mikhail_Youzhny
24986|Jacob_Zuma|http://dbpedia.org/resource/Jacob_Zuma
23688|Ivo_Karlović|http://dbpedia.org/resource/Ivo_Karlović
25592|Trevor_Horn|http://dbpedia.org/resource/Trevor_Horn
24817|Heinz_Guderian|http://dbpedia.org/resource/Heinz_Guderian
24888|Victor_Hănescu|http://dbpedia.org/resource/Victor_Hănescu
38086|The_Fire_in_Your_Eyes|http://dbpedia.org/resource/The_Fire_in_Your_Eyes
34107|Same_Jeans|http://dbpedia.org/resource/Same_Jeans
37564|Greatest_Hits:_Back_to_the_Start|http://dbpedia.org/resource/Greatest_Hits:_Back_to_the_Start
35932|The_Roaring_Silence|http://dbpedia.org/resource/The_Roaring_Silence
29382|Swansong|http://dbpedia.org/resource/Swansong
37697|Cherub_Rock|http://dbpedia.org/resource/Cherub_Rock
38909|Insieme:_1992|http://dbpedia.org/resource/Insieme:_1992
35833|These_Eyes|http://dbpedia.org/resource/These_Eyes
31967|Back_to_Broadway|http://dbpedia.org/resource/Back_to_Broadway
36287|Amigos|http://dbpedia.org/resource/Amigos
38044|Hero_and_Heroine|http://dbpedia.org/resource/Hero_and_Heroine
38153|We_Die_Young|http://dbpedia.org/resource/We_Die_Young
34682|Here_in_the_Real_World|http://dbpedia.org/resource/Here_in_the_Real_World
33178|Return_the_Favor|http://dbpedia.org/resource/Return_the_Favor
38488|Another_Town,_Another_Train|http://dbpedia.org/resource/Another_Town,_Another_Train
34417|Thrive|http://dbpedia.org/resource/Thrive
39062|Superfast_Jellyfish|http://dbpedia.org/resource/Superfast_Jellyfish
38321|Nine_Flags|http://dbpedia.org/resource/Nine_Flags
35020|Power_and_the_Glory|http://dbpedia.org/resource/Power_and_the_Glory
