label:place id:1 name:China url:http://dbpedia.org/resource/China type:country 
label:place id:76 name:Ethiopia url:http://dbpedia.org/resource/Ethiopia type:country 
label:place id:68 name:Cameroon url:http://dbpedia.org/resource/Cameroon type:country 
label:place id:96 name:Senegal url:http://dbpedia.org/resource/Senegal type:country 
label:place id:110 name:Zambia url:http://dbpedia.org/resource/Zambia type:country 
label:place id:104 name:Tunisia url:http://dbpedia.org/resource/Tunisia type:country 
label:place id:106 name:Ukraine url:http://dbpedia.org/resource/Ukraine type:country 
label:place id:103 name:Thailand url:http://dbpedia.org/resource/Thailand type:country 
label:place id:62 name:Australia url:http://dbpedia.org/resource/Australia type:country 
label:place id:82 name:Kazakhstan url:http://dbpedia.org/resource/Kazakhstan type:country 
label:place id:89 name:Netherlands url:http://dbpedia.org/resource/Netherlands type:country 
label:place id:94 name:Taiwan url:http://dbpedia.org/resource/Taiwan type:country 
label:place id:61 name:Argentina url:http://dbpedia.org/resource/Argentina type:country 
label:place id:4 name:Azerbaijan url:http://dbpedia.org/resource/Azerbaijan type:country 
label:place id:97 name:South_Africa url:http://dbpedia.org/resource/South_Africa type:country 
label:place id:98 name:South_Korea url:http://dbpedia.org/resource/South_Korea type:country 
label:place id:85 name:Malaysia url:http://dbpedia.org/resource/Malaysia type:country 
label:place id:79 name:Hungary url:http://dbpedia.org/resource/Hungary type:country 
label:place id:88 name:Nepal url:http://dbpedia.org/resource/Nepal type:country 
label:place id:99 name:Spain url:http://dbpedia.org/resource/Spain type:country 
label:place id:67 name:Cambodia url:http://dbpedia.org/resource/Cambodia type:country 
label:place id:66 name:Canada url:http://dbpedia.org/resource/Canada type:country 
label:place id:80 name:Iran url:http://dbpedia.org/resource/Iran type:country 
label:place id:91 name:Peru url:http://dbpedia.org/resource/Peru type:country 
label:place id:77 name:France url:http://dbpedia.org/resource/France type:country 
label:place id:63 name:Belarus url:http://dbpedia.org/resource/Belarus type:country 
label:place id:87 name:Morocco url:http://dbpedia.org/resource/Morocco type:country 
label:place id:102 name:Tanzania url:http://dbpedia.org/resource/Tanzania type:country 
label:place id:92 name:Poland url:http://dbpedia.org/resource/Poland type:country 
label:place id:93 name:Portugal url:http://dbpedia.org/resource/Portugal type:country 
label:place id:64 name:Belgium url:http://dbpedia.org/resource/Belgium type:country 
label:place id:81 name:Italy url:http://dbpedia.org/resource/Italy type:country 
label:place id:107 name:United_Kingdom url:http://dbpedia.org/resource/United_Kingdom type:country 
label:place id:108 name:Venezuela url:http://dbpedia.org/resource/Venezuela type:country 
label:place id:73 name:Democratic_Republic_of_the_Congo url:http://dbpedia.org/resource/Democratic_Republic_of_the_Congo type:country 
label:place id:86 name:Moldova url:http://dbpedia.org/resource/Moldova type:country 
label:place id:48 name:Wales url:http://dbpedia.org/resource/Wales type:country 
label:place id:23 name:Lithuania url:http://dbpedia.org/resource/Lithuania type:country 
label:place id:13 name:Estonia url:http://dbpedia.org/resource/Estonia type:country 
label:place id:3 name:Austria url:http://dbpedia.org/resource/Austria type:country 
label:place id:24 name:Malta url:http://dbpedia.org/resource/Malta type:country 
label:place id:2 name:Angola url:http://dbpedia.org/resource/Angola type:country 
label:place id:8 name:Chad url:http://dbpedia.org/resource/Chad type:country 
label:place id:21 name:Liberia url:http://dbpedia.org/resource/Liberia type:country 
label:place id:22 name:Libya url:http://dbpedia.org/resource/Libya type:country 
label:place id:25 name:Mauritania url:http://dbpedia.org/resource/Mauritania type:country 
label:place id:26 name:Mauritius url:http://dbpedia.org/resource/Mauritius type:country 
label:place id:28 name:Namibia url:http://dbpedia.org/resource/Namibia type:country 
label:place id:39 name:Rwanda url:http://dbpedia.org/resource/Rwanda type:country 
label:place id:44 name:Swaziland url:http://dbpedia.org/resource/Swaziland type:country 
label:place id:60 name:Algeria url:http://dbpedia.org/resource/Algeria type:country 
label:place id:74 name:Egypt url:http://dbpedia.org/resource/Egypt type:country 
label:place id:83 name:Kenya url:http://dbpedia.org/resource/Kenya type:country 
label:place id:84 name:Madagascar url:http://dbpedia.org/resource/Madagascar type:country 
label:place id:90 name:Niger url:http://dbpedia.org/resource/Niger type:country 
label:place id:100 name:Sri_Lanka url:http://dbpedia.org/resource/Sri_Lanka type:country 
label:place id:508 name:Luanda url:http://dbpedia.org/resource/Luanda type:city 
label:place id:514 name:ChadCity url:http://dbpedia.org/resource/ChadCity type:city 
label:place id:527 name:Monrovia url:http://dbpedia.org/resource/Monrovia type:city 
label:place id:528 name:Benghazi url:http://dbpedia.org/resource/Benghazi type:city 
label:place id:531 name:Nouakchott url:http://dbpedia.org/resource/Nouakchott type:city 
label:place id:532 name:Moka url:http://dbpedia.org/resource/Moka type:city 
label:place id:534 name:Windhoek url:http://dbpedia.org/resource/Windhoek type:city 
label:place id:545 name:Butare url:http://dbpedia.org/resource/Butare type:city 
label:place id:550 name:Kwaluseni url:http://dbpedia.org/resource/Kwaluseni type:city 
label:place id:960 name:Algiers url:http://dbpedia.org/resource/Algiers type:city 
label:place id:961 name:Batna url:http://dbpedia.org/resource/Batna type:city 
label:place id:962 name:Tiaret url:http://dbpedia.org/resource/Tiaret type:city 
label:place id:963 name:El_Harrach url:http://dbpedia.org/resource/El_Harrach type:city 
label:place id:964 name:Guelma url:http://dbpedia.org/resource/Guelma type:city 
label:place id:965 name:Bab_Ezzouar url:http://dbpedia.org/resource/Bab_Ezzouar type:city 
label:place id:966 name:Chief url:http://dbpedia.org/resource/Chief type:city 
label:place id:967 name:Annaba url:http://dbpedia.org/resource/Annaba type:city 
label:place id:968 name:El_Oued url:http://dbpedia.org/resource/El_Oued type:city 
label:place id:969 name:Oran url:http://dbpedia.org/resource/Oran type:city 
label:place id:1040 name:Mokolo url:http://dbpedia.org/resource/Mokolo type:city 
label:place id:1041 name:Baffoussam url:http://dbpedia.org/resource/Baffoussam type:city 
label:place id:1042 name:Garoua url:http://dbpedia.org/resource/Garoua type:city 
label:place id:1043 name:Bangangté url:http://dbpedia.org/resource/Bangangté type:city 
label:place id:1044 name:Maroua url:http://dbpedia.org/resource/Maroua type:city 
label:place id:1045 name:Buea url:http://dbpedia.org/resource/Buea type:city 
label:place id:1046 name:Kumba url:http://dbpedia.org/resource/Kumba type:city 
label:place id:1047 name:Yaoundé url:http://dbpedia.org/resource/Yaoundé type:city 
label:place id:1048 name:Bamenda url:http://dbpedia.org/resource/Bamenda type:city 
label:place id:1049 name:Douala url:http://dbpedia.org/resource/Douala type:city 
label:place id:1090 name:Kinshasa url:http://dbpedia.org/resource/Kinshasa type:city 
label:place id:1091 name:Bandundu url:http://dbpedia.org/resource/Bandundu type:city 
label:place id:1092 name:Baraka url:http://dbpedia.org/resource/Baraka type:city 
label:place id:1093 name:Boma url:http://dbpedia.org/resource/Boma type:city 
label:place id:1094 name:Bukavu url:http://dbpedia.org/resource/Bukavu type:city 
label:place id:1095 name:Goma url:http://dbpedia.org/resource/Goma type:city 
label:place id:1096 name:Kisangani url:http://dbpedia.org/resource/Kisangani type:city 
label:place id:1097 name:Kananga url:http://dbpedia.org/resource/Kananga type:city 
label:place id:1098 name:Lubumbashi url:http://dbpedia.org/resource/Lubumbashi type:city 
label:place id:1099 name:Bas-Congo url:http://dbpedia.org/resource/Bas-Congo type:city 
label:place id:1100 name:Alexandria url:http://dbpedia.org/resource/Alexandria type:city 
label:place id:1101 name:Monufia_Governorate url:http://dbpedia.org/resource/Monufia_Governorate type:city 
label:place id:1102 name:Cairo url:http://dbpedia.org/resource/Cairo type:city 
label:place id:1103 name:Beni_Suef url:http://dbpedia.org/resource/Beni_Suef type:city 
label:place id:1104 name:Giza url:http://dbpedia.org/resource/Giza type:city 
label:place id:1105 name:El_Shorouk url:http://dbpedia.org/resource/El_Shorouk type:city 
label:place id:1106 name:New_Cairo url:http://dbpedia.org/resource/New_Cairo type:city 
label:place id:1107 name:Ramadan_City url:http://dbpedia.org/resource/Ramadan_City type:city 
label:place id:1108 name:Bilbeis url:http://dbpedia.org/resource/Bilbeis type:city 
label:place id:1109 name:Sohag url:http://dbpedia.org/resource/Sohag type:city 
label:place id:1119 name:Dire_Dawa url:http://dbpedia.org/resource/Dire_Dawa type:city 
label:place id:1120 name:Debre_Marqos url:http://dbpedia.org/resource/Debre_Marqos type:city 
label:place id:1121 name:Nekemte url:http://dbpedia.org/resource/Nekemte type:city 
label:place id:1122 name:Awasa url:http://dbpedia.org/resource/Awasa type:city 
label:place id:1123 name:Mek'ele url:http://dbpedia.org/resource/Mek'ele type:city 
label:place id:1124 name:Bahir_Dar url:http://dbpedia.org/resource/Bahir_Dar type:city 
label:place id:1125 name:Addis_Ababa url:http://dbpedia.org/resource/Addis_Ababa type:city 
label:place id:1126 name:Mettu url:http://dbpedia.org/resource/Mettu type:city 
label:place id:1127 name:Adama url:http://dbpedia.org/resource/Adama type:city 
label:place id:1128 name:Jimma url:http://dbpedia.org/resource/Jimma type:city 
label:place id:1188 name:Machakos url:http://dbpedia.org/resource/Machakos type:city 
label:place id:1189 name:Eldoret url:http://dbpedia.org/resource/Eldoret type:city 
label:place id:1190 name:Kikuyu url:http://dbpedia.org/resource/Kikuyu type:city 
label:place id:1191 name:Kitengela url:http://dbpedia.org/resource/Kitengela type:city 
label:place id:1192 name:Nakuru url:http://dbpedia.org/resource/Nakuru type:city 
label:place id:1193 name:Kitale url:http://dbpedia.org/resource/Kitale type:city 
label:place id:1194 name:Thika url:http://dbpedia.org/resource/Thika type:city 
label:place id:1195 name:Nairobi url:http://dbpedia.org/resource/Nairobi type:city 
label:place id:1196 name:Nyeri url:http://dbpedia.org/resource/Nyeri type:city 
label:place id:1197 name:Ambovombe url:http://dbpedia.org/resource/Ambovombe type:city 
label:place id:1198 name:Amparafaravola url:http://dbpedia.org/resource/Amparafaravola type:city 
label:place id:1199 name:Mahajanga url:http://dbpedia.org/resource/Mahajanga type:city 
label:place id:1200 name:Antsirabe url:http://dbpedia.org/resource/Antsirabe type:city 
label:place id:1201 name:Antananarivo url:http://dbpedia.org/resource/Antananarivo type:city 
label:place id:1202 name:Toamasina url:http://dbpedia.org/resource/Toamasina type:city 
label:place id:1203 name:Fianarantosa url:http://dbpedia.org/resource/Fianarantosa type:city 
label:place id:1204 name:Antanifotsy url:http://dbpedia.org/resource/Antanifotsy type:city 
label:place id:1205 name:Toliara url:http://dbpedia.org/resource/Toliara type:city 
label:place id:1206 name:Antsiranana url:http://dbpedia.org/resource/Antsiranana type:city 
label:place id:1227 name:Oujda url:http://dbpedia.org/resource/Oujda type:city 
label:place id:1228 name:Casablanca url:http://dbpedia.org/resource/Casablanca type:city 
label:place id:1229 name:Marrakech url:http://dbpedia.org/resource/Marrakech type:city 
label:place id:1230 name:Rabat url:http://dbpedia.org/resource/Rabat type:city 
label:place id:1231 name:Sale url:http://dbpedia.org/resource/Sale type:city 
label:place id:1232 name:Ifrane url:http://dbpedia.org/resource/Ifrane type:city 
label:place id:1233 name:Agadir url:http://dbpedia.org/resource/Agadir type:city 
label:place id:1234 name:Fes url:http://dbpedia.org/resource/Fes type:city 
label:place id:1235 name:Meknes url:http://dbpedia.org/resource/Meknes type:city 
label:place id:1236 name:Tangier-Tetouan url:http://dbpedia.org/resource/Tangier-Tetouan type:city 
label:place id:1257 name:Tessaoua url:http://dbpedia.org/resource/Tessaoua type:city 
label:place id:1258 name:Arlit url:http://dbpedia.org/resource/Arlit type:city 
label:place id:1259 name:Abidjan url:http://dbpedia.org/resource/Abidjan type:city 
label:place id:1260 name:Niamey url:http://dbpedia.org/resource/Niamey type:city 
label:place id:1261 name:Zinder url:http://dbpedia.org/resource/Zinder type:city 
label:place id:1262 name:Tahoua url:http://dbpedia.org/resource/Tahoua type:city 
label:place id:1263 name:Birni_Nkonni url:http://dbpedia.org/resource/Birni_Nkonni type:city 
label:place id:1264 name:Agadez url:http://dbpedia.org/resource/Agadez type:city 
label:place id:1265 name:Maradi url:http://dbpedia.org/resource/Maradi type:city 
label:place id:1266 name:Dosso url:http://dbpedia.org/resource/Dosso type:city 
label:place id:1315 name:Kolda url:http://dbpedia.org/resource/Kolda type:city 
label:place id:1316 name:Saint-Louis url:http://dbpedia.org/resource/Saint-Louis type:city 
label:place id:1317 name:Thies url:http://dbpedia.org/resource/Thies type:city 
label:place id:1318 name:Louga url:http://dbpedia.org/resource/Louga type:city 
label:place id:1319 name:Touba url:http://dbpedia.org/resource/Touba type:city 
label:place id:1320 name:Dakar url:http://dbpedia.org/resource/Dakar type:city 
label:place id:1321 name:Diourbel url:http://dbpedia.org/resource/Diourbel type:city 
label:place id:1322 name:Tambacounda url:http://dbpedia.org/resource/Tambacounda type:city 
label:place id:1323 name:Rufisque url:http://dbpedia.org/resource/Rufisque type:city 
label:place id:1324 name:Cape_Town url:http://dbpedia.org/resource/Cape_Town type:city 
label:place id:1325 name:Durban url:http://dbpedia.org/resource/Durban type:city 
label:place id:1326 name:Bloemfontein url:http://dbpedia.org/resource/Bloemfontein type:city 
label:place id:1327 name:Saldanha url:http://dbpedia.org/resource/Saldanha type:city 
label:place id:1328 name:eMalahleni url:http://dbpedia.org/resource/eMalahleni type:city 
label:place id:1329 name:Mthatha url:http://dbpedia.org/resource/Mthatha type:city 
label:place id:1330 name:Johannesburg url:http://dbpedia.org/resource/Johannesburg type:city 
label:place id:1331 name:Bellville url:http://dbpedia.org/resource/Bellville type:city 
label:place id:1332 name:Pretoria url:http://dbpedia.org/resource/Pretoria type:city 
label:place id:1353 name:Kelaniya url:http://dbpedia.org/resource/Kelaniya type:city 
label:place id:1354 name:Elpitiya url:http://dbpedia.org/resource/Elpitiya type:city 
label:place id:1355 name:Matara url:http://dbpedia.org/resource/Matara type:city 
label:place id:1356 name:Nugegoda url:http://dbpedia.org/resource/Nugegoda type:city 
label:place id:1357 name:Colombo url:http://dbpedia.org/resource/Colombo type:city 
label:place id:1358 name:Kandy url:http://dbpedia.org/resource/Kandy type:city 
label:place id:1359 name:Peradeniya url:http://dbpedia.org/resource/Peradeniya type:city 
label:place id:1360 name:Ratmalana_Airport url:http://dbpedia.org/resource/Ratmalana_Airport type:city 
label:place id:1361 name:Malabe url:http://dbpedia.org/resource/Malabe type:city 
label:place id:1362 name:Batalanda url:http://dbpedia.org/resource/Batalanda type:city 
label:place id:1373 name:Mwanza url:http://dbpedia.org/resource/Mwanza type:city 
label:place id:1374 name:Arusha url:http://dbpedia.org/resource/Arusha type:city 
label:place id:1375 name:Morogoro url:http://dbpedia.org/resource/Morogoro type:city 
label:place id:1376 name:Mzumbe_morogoro url:http://dbpedia.org/resource/Mzumbe_morogoro type:city 
label:place id:1377 name:Dar_es_Salaam url:http://dbpedia.org/resource/Dar_es_Salaam type:city 
label:place id:1378 name:Mbeya url:http://dbpedia.org/resource/Mbeya type:city 
label:place id:1379 name:Unguja url:http://dbpedia.org/resource/Unguja type:city 
label:place id:1380 name:Dodoma url:http://dbpedia.org/resource/Dodoma type:city 
label:place id:1381 name:Zanzibar url:http://dbpedia.org/resource/Zanzibar type:city 
label:place id:1392 name:La_Marsa url:http://dbpedia.org/resource/La_Marsa type:city 
label:place id:1393 name:Bizerte url:http://dbpedia.org/resource/Bizerte type:city 
label:place id:1394 name:Etadhamen url:http://dbpedia.org/resource/Etadhamen type:city 
label:place id:1395 name:Sfax url:http://dbpedia.org/resource/Sfax type:city 
label:place id:1396 name:Gabes url:http://dbpedia.org/resource/Gabes type:city 
label:place id:1397 name:Monastir url:http://dbpedia.org/resource/Monastir type:city 
label:place id:1398 name:Sousse url:http://dbpedia.org/resource/Sousse type:city 
label:place id:1399 name:Kairouan url:http://dbpedia.org/resource/Kairouan type:city 
label:place id:1400 name:Tunis url:http://dbpedia.org/resource/Tunis type:city 
label:place id:1401 name:El_Mourouj url:http://dbpedia.org/resource/El_Mourouj type:city 
label:place id:1444 name:Luanshya url:http://dbpedia.org/resource/Luanshya type:city 
label:place id:1445 name:Livingstone url:http://dbpedia.org/resource/Livingstone type:city 
label:place id:1446 name:Monze url:http://dbpedia.org/resource/Monze type:city 
label:place id:1447 name:Ndola url:http://dbpedia.org/resource/Ndola type:city 
label:place id:1448 name:Kasama url:http://dbpedia.org/resource/Kasama type:city 
label:place id:1449 name:Kabwe url:http://dbpedia.org/resource/Kabwe type:city 
label:place id:1450 name:Mufulira url:http://dbpedia.org/resource/Mufulira type:city 
label:place id:1451 name:Kitwe url:http://dbpedia.org/resource/Kitwe type:city 
label:place id:1452 name:Lusaka url:http://dbpedia.org/resource/Lusaka type:city 
label:place id:1453 name:Chingola url:http://dbpedia.org/resource/Chingola type:city 
label:place id:1455 name:Africa url:http://dbpedia.org/resource/Africa type:continent 
label:place id:36 name:Puerto_Rico url:http://dbpedia.org/resource/Puerto_Rico type:country 
label:place id:32 name:Norway url:http://dbpedia.org/resource/Norway type:country 
label:place id:47 name:Uruguay url:http://dbpedia.org/resource/Uruguay type:country 
label:place id:5 name:Bolivia url:http://dbpedia.org/resource/Bolivia type:country 
label:place id:49 name:Brazil url:http://dbpedia.org/resource/Brazil type:country 
label:place id:69 name:Chile url:http://dbpedia.org/resource/Chile type:country 
label:place id:70 name:Colombia url:http://dbpedia.org/resource/Colombia type:country 
label:place id:511 name:Carmen_Pampa url:http://dbpedia.org/resource/Carmen_Pampa type:city 
label:place id:553 name:Montevideo url:http://dbpedia.org/resource/Montevideo type:city 
label:place id:555 name:Guanhães url:http://dbpedia.org/resource/Guanhães type:city 
label:place id:556 name:Santos url:http://dbpedia.org/resource/Santos type:city 
label:place id:557 name:São_Luís url:http://dbpedia.org/resource/São_Luís type:city 
label:place id:558 name:Novo_Hamburgo url:http://dbpedia.org/resource/Novo_Hamburgo type:city 
label:place id:559 name:Rio_de_Janeiro url:http://dbpedia.org/resource/Rio_de_Janeiro type:city 
label:place id:560 name:Petrópolis url:http://dbpedia.org/resource/Petrópolis type:city 
label:place id:561 name:Passos url:http://dbpedia.org/resource/Passos type:city 
label:place id:562 name:Curitiba url:http://dbpedia.org/resource/Curitiba type:city 
label:place id:563 name:Poços_de_Caldas url:http://dbpedia.org/resource/Poços_de_Caldas type:city 
label:place id:564 name:Santa_Maria url:http://dbpedia.org/resource/Santa_Maria type:city 
label:place id:565 name:Goiânia url:http://dbpedia.org/resource/Goiânia type:city 
label:place id:566 name:Londrina url:http://dbpedia.org/resource/Londrina type:city 
label:place id:567 name:Diamantina url:http://dbpedia.org/resource/Diamantina type:city 
label:place id:568 name:Feira_de_Santana url:http://dbpedia.org/resource/Feira_de_Santana type:city 
label:place id:569 name:João_Monlevade url:http://dbpedia.org/resource/João_Monlevade type:city 
label:place id:570 name:Barbacena url:http://dbpedia.org/resource/Barbacena type:city 
label:place id:571 name:Manaus url:http://dbpedia.org/resource/Manaus type:city 
label:place id:572 name:Campinas url:http://dbpedia.org/resource/Campinas type:city 
label:place id:573 name:São_Carlos url:http://dbpedia.org/resource/São_Carlos type:city 
label:place id:574 name:Carangola url:http://dbpedia.org/resource/Carangola type:city 
label:place id:575 name:Bagé url:http://dbpedia.org/resource/Bagé type:city 
label:place id:576 name:Lorena url:http://dbpedia.org/resource/Lorena type:city 
label:place id:577 name:Campos_dos_Goytacazes url:http://dbpedia.org/resource/Campos_dos_Goytacazes type:city 
label:place id:578 name:Salvador url:http://dbpedia.org/resource/Salvador type:city 
label:place id:579 name:Ribeirão_Preto url:http://dbpedia.org/resource/Ribeirão_Preto type:city 
label:place id:580 name:Lavras url:http://dbpedia.org/resource/Lavras type:city 
label:place id:581 name:Criciúma url:http://dbpedia.org/resource/Criciúma type:city 
label:place id:582 name:São_Paulo url:http://dbpedia.org/resource/São_Paulo type:city 
label:place id:583 name:Recife url:http://dbpedia.org/resource/Recife type:city 
label:place id:584 name:Porto_Alegre url:http://dbpedia.org/resource/Porto_Alegre type:city 
label:place id:585 name:Uberlândia url:http://dbpedia.org/resource/Uberlândia type:city 
label:place id:586 name:Belo_Horizonte url:http://dbpedia.org/resource/Belo_Horizonte type:city 
label:place id:587 name:Serro url:http://dbpedia.org/resource/Serro type:city 
label:place id:588 name:Brasília url:http://dbpedia.org/resource/Brasília type:city 
label:place id:589 name:Itajubá url:http://dbpedia.org/resource/Itajubá type:city 
label:place id:590 name:Lagoa_da_Prata url:http://dbpedia.org/resource/Lagoa_da_Prata type:city 
label:place id:591 name:Campo_Grande url:http://dbpedia.org/resource/Campo_Grande type:city 
label:place id:592 name:Niterói url:http://dbpedia.org/resource/Niterói type:city 
label:place id:593 name:Pelotas url:http://dbpedia.org/resource/Pelotas type:city 
label:place id:594 name:Contagem url:http://dbpedia.org/resource/Contagem type:city 
label:place id:970 name:Córdoba url:http://dbpedia.org/resource/Córdoba type:city 
label:place id:971 name:Mendoza url:http://dbpedia.org/resource/Mendoza type:city 
label:place id:972 name:Buenos_Aires url:http://dbpedia.org/resource/Buenos_Aires type:city 
label:place id:973 name:Various url:http://dbpedia.org/resource/Various type:city 
label:place id:974 name:Posadas url:http://dbpedia.org/resource/Posadas type:city 
label:place id:975 name:San_Martín url:http://dbpedia.org/resource/San_Martín type:city 
label:place id:976 name:Corrientes url:http://dbpedia.org/resource/Corrientes type:city 
label:place id:977 name:Presidencia_Roque_Sáenz_Peña url:http://dbpedia.org/resource/Presidencia_Roque_Sáenz_Peña type:city 
label:place id:978 name:Rosario url:http://dbpedia.org/resource/Rosario type:city 
label:place id:979 name:San_Miguel_de_Tucumán url:http://dbpedia.org/resource/San_Miguel_de_Tucumán type:city 
label:place id:1050 name:Valdivia url:http://dbpedia.org/resource/Valdivia type:city 
label:place id:1051 name:Santiago url:http://dbpedia.org/resource/Santiago type:city 
label:place id:1052 name:Antofagasta url:http://dbpedia.org/resource/Antofagasta type:city 
label:place id:1053 name:Iquique url:http://dbpedia.org/resource/Iquique type:city 
label:place id:1054 name:Valparaíso url:http://dbpedia.org/resource/Valparaíso type:city 
label:place id:1055 name:Temuco url:http://dbpedia.org/resource/Temuco type:city 
label:place id:1056 name:Viña_del_Mar url:http://dbpedia.org/resource/Viña_del_Mar type:city 
label:place id:1057 name:Puerto_Montt url:http://dbpedia.org/resource/Puerto_Montt type:city 
label:place id:1058 name:Osorno url:http://dbpedia.org/resource/Osorno type:city 
label:place id:1059 name:Concepción url:http://dbpedia.org/resource/Concepción type:city 
label:place id:1060 name:Bogotá url:http://dbpedia.org/resource/Bogotá type:city 
label:place id:1061 name:Cartagena url:http://dbpedia.org/resource/Cartagena type:city 
label:place id:1062 name:Pamplona url:http://dbpedia.org/resource/Pamplona type:city 
label:place id:1063 name:Manizales url:http://dbpedia.org/resource/Manizales type:city 
label:place id:1064 name:Armenia url:http://dbpedia.org/resource/Armenia type:city 
label:place id:1065 name:Bucaramanga url:http://dbpedia.org/resource/Bucaramanga type:city 
label:place id:1066 name:Cali url:http://dbpedia.org/resource/Cali type:city 
label:place id:1067 name:Barranquilla url:http://dbpedia.org/resource/Barranquilla type:city 
label:place id:1068 name:Tunja url:http://dbpedia.org/resource/Tunja type:city 
label:place id:1069 name:Medellín url:http://dbpedia.org/resource/Medellín type:city 
label:place id:1267 name:Trujillo url:http://dbpedia.org/resource/Trujillo type:city 
label:place id:1268 name:Distrito_de_Bellavista url:http://dbpedia.org/resource/Distrito_de_Bellavista type:city 
label:place id:1269 name:Chorrillos_District url:http://dbpedia.org/resource/Chorrillos_District type:city 
label:place id:1270 name:Arequipa url:http://dbpedia.org/resource/Arequipa type:city 
label:place id:1271 name:Jesús_María url:http://dbpedia.org/resource/Jesús_María type:city 
label:place id:1272 name:Chosica,Lima url:http://dbpedia.org/resource/Chosica,Lima type:city 
label:place id:1273 name:Huancayo url:http://dbpedia.org/resource/Huancayo type:city 
label:place id:1274 name:Callao url:http://dbpedia.org/resource/Callao type:city 
label:place id:1275 name:Lima url:http://dbpedia.org/resource/Lima type:city 
label:place id:1276 name:La_Punta url:http://dbpedia.org/resource/La_Punta type:city 
label:place id:1426 name:Caracas url:http://dbpedia.org/resource/Caracas type:city 
label:place id:1427 name:Barquisimeto url:http://dbpedia.org/resource/Barquisimeto type:city 
label:place id:1428 name:Nueva_Esparta url:http://dbpedia.org/resource/Nueva_Esparta type:city 
label:place id:1429 name:Anzoátegui url:http://dbpedia.org/resource/Anzoátegui type:city 
label:place id:1430 name:Maracaibo url:http://dbpedia.org/resource/Maracaibo type:city 
label:place id:1431 name:Monagas url:http://dbpedia.org/resource/Monagas type:city 
label:place id:1432 name:Bolívar url:http://dbpedia.org/resource/Bolívar type:city 
label:place id:1433 name:Sucre url:http://dbpedia.org/resource/Sucre type:city 
label:place id:1457 name:South_America url:http://dbpedia.org/resource/South_America type:continent 
label:place id:1024 name:London url:http://dbpedia.org/resource/London type:city 
label:place id:905 name:Washington url:http://dbpedia.org/resource/Washington type:city 
label:place id:1383 name:Bangkok url:http://dbpedia.org/resource/Bangkok type:city 
label:place id:981 name:Sydney url:http://dbpedia.org/resource/Sydney type:city 
