label:place id:0 name:India url:http://dbpedia.org/resource/India type:country 
label:place id:1 name:China url:http://dbpedia.org/resource/China type:country 
label:place id:4 name:Azerbaijan url:http://dbpedia.org/resource/Azerbaijan type:country 
label:place id:16 name:Hong_Kong url:http://dbpedia.org/resource/Hong_Kong type:country 
label:place id:17 name:Israel url:http://dbpedia.org/resource/Israel type:country 
label:place id:18 name:Jordan url:http://dbpedia.org/resource/Jordan type:country 
label:place id:19 name:Laos url:http://dbpedia.org/resource/Laos type:country 
label:place id:27 name:Mongolia url:http://dbpedia.org/resource/Mongolia type:country 
label:place id:33 name:Oman url:http://dbpedia.org/resource/Oman type:country 
label:place id:41 name:Singapore url:http://dbpedia.org/resource/Singapore type:country 
label:place id:46 name:Tajikistan url:http://dbpedia.org/resource/Tajikistan type:country 
label:place id:51 name:Indonesia url:http://dbpedia.org/resource/Indonesia type:country 
label:place id:52 name:Japan url:http://dbpedia.org/resource/Japan type:country 
label:place id:54 name:Pakistan url:http://dbpedia.org/resource/Pakistan type:country 
label:place id:55 name:Philippines url:http://dbpedia.org/resource/Philippines type:country 
label:place id:58 name:Vietnam url:http://dbpedia.org/resource/Vietnam type:country 
label:place id:59 name:Afghanistan url:http://dbpedia.org/resource/Afghanistan type:country 
label:place id:65 name:Burma url:http://dbpedia.org/resource/Burma type:country 
label:place id:67 name:Cambodia url:http://dbpedia.org/resource/Cambodia type:country 
label:place id:80 name:Iran url:http://dbpedia.org/resource/Iran type:country 
label:place id:82 name:Kazakhstan url:http://dbpedia.org/resource/Kazakhstan type:country 
label:place id:85 name:Malaysia url:http://dbpedia.org/resource/Malaysia type:country 
label:place id:88 name:Nepal url:http://dbpedia.org/resource/Nepal type:country 
label:place id:94 name:Taiwan url:http://dbpedia.org/resource/Taiwan type:country 
label:place id:98 name:South_Korea url:http://dbpedia.org/resource/South_Korea type:country 
label:place id:103 name:Thailand url:http://dbpedia.org/resource/Thailand type:country 
label:place id:105 name:Turkey url:http://dbpedia.org/resource/Turkey type:country 
label:place id:109 name:Yemen url:http://dbpedia.org/resource/Yemen type:country 
label:place id:111 name:Pondicherry url:http://dbpedia.org/resource/Pondicherry type:city 
label:place id:112 name:Rewari url:http://dbpedia.org/resource/Rewari type:city 
label:place id:113 name:Mysore url:http://dbpedia.org/resource/Mysore type:city 
label:place id:114 name:Thane url:http://dbpedia.org/resource/Thane type:city 
label:place id:115 name:Shibpur url:http://dbpedia.org/resource/Shibpur type:city 
label:place id:116 name:Rohtak url:http://dbpedia.org/resource/Rohtak type:city 
label:place id:117 name:Jiaganj_Azimganj url:http://dbpedia.org/resource/Jiaganj_Azimganj type:city 
label:place id:118 name:Andhra_Pradesh url:http://dbpedia.org/resource/Andhra_Pradesh type:city 
label:place id:119 name:Shillong url:http://dbpedia.org/resource/Shillong type:city 
label:place id:120 name:Baharampur url:http://dbpedia.org/resource/Baharampur type:city 
label:place id:121 name:Bhopal url:http://dbpedia.org/resource/Bhopal type:city 
label:place id:122 name:Tezpur url:http://dbpedia.org/resource/Tezpur type:city 
label:place id:123 name:Rourkela url:http://dbpedia.org/resource/Rourkela type:city 
label:place id:124 name:Chennai url:http://dbpedia.org/resource/Chennai type:city 
label:place id:125 name:Noida url:http://dbpedia.org/resource/Noida type:city 
label:place id:126 name:Jammu url:http://dbpedia.org/resource/Jammu type:city 
label:place id:127 name:Kalyani url:http://dbpedia.org/resource/Kalyani type:city 
label:place id:128 name:Delhi url:http://dbpedia.org/resource/Delhi type:city 
label:place id:129 name:Gobichettipalayam url:http://dbpedia.org/resource/Gobichettipalayam type:city 
label:place id:130 name:Kochi url:http://dbpedia.org/resource/Kochi type:city 
label:place id:131 name:Srinagar url:http://dbpedia.org/resource/Srinagar type:city 
label:place id:132 name:Ahmedabad url:http://dbpedia.org/resource/Ahmedabad type:city 
label:place id:133 name:Pune url:http://dbpedia.org/resource/Pune type:city 
label:place id:134 name:Haldia url:http://dbpedia.org/resource/Haldia type:city 
label:place id:135 name:Nagpur url:http://dbpedia.org/resource/Nagpur type:city 
label:place id:136 name:Kakinada url:http://dbpedia.org/resource/Kakinada type:city 
label:place id:137 name:Berhampur url:http://dbpedia.org/resource/Berhampur type:city 
label:place id:138 name:Darbhanga url:http://dbpedia.org/resource/Darbhanga type:city 
label:place id:139 name:Thirthahalli url:http://dbpedia.org/resource/Thirthahalli type:city 
label:place id:140 name:Bikaner url:http://dbpedia.org/resource/Bikaner type:city 
label:place id:141 name:Vellore url:http://dbpedia.org/resource/Vellore type:city 
label:place id:142 name:Surat url:http://dbpedia.org/resource/Surat type:city 
label:place id:143 name:Anantapur url:http://dbpedia.org/resource/Anantapur type:city 
label:place id:144 name:Cooch_Behar url:http://dbpedia.org/resource/Cooch_Behar type:city 
label:place id:145 name:Hubli url:http://dbpedia.org/resource/Hubli type:city 
label:place id:146 name:Hamirpur url:http://dbpedia.org/resource/Hamirpur type:city 
label:place id:147 name:Kanpur url:http://dbpedia.org/resource/Kanpur type:city 
label:place id:148 name:Tiruchirappalli url:http://dbpedia.org/resource/Tiruchirappalli type:city 
label:place id:149 name:Ujjain url:http://dbpedia.org/resource/Ujjain type:city 
label:place id:150 name:Visakhapatnam url:http://dbpedia.org/resource/Visakhapatnam type:city 
label:place id:151 name:Gandhinagar url:http://dbpedia.org/resource/Gandhinagar type:city 
label:place id:152 name:Kannur url:http://dbpedia.org/resource/Kannur type:city 
label:place id:153 name:Agra url:http://dbpedia.org/resource/Agra type:city 
label:place id:154 name:Loni url:http://dbpedia.org/resource/Loni type:city 
label:place id:155 name:Jind url:http://dbpedia.org/resource/Jind type:city 
label:place id:156 name:Durgapur url:http://dbpedia.org/resource/Durgapur type:city 
label:place id:157 name:Sangrur url:http://dbpedia.org/resource/Sangrur type:city 
label:place id:158 name:Raichur url:http://dbpedia.org/resource/Raichur type:city 
label:place id:159 name:Bardhaman url:http://dbpedia.org/resource/Bardhaman type:city 
label:place id:160 name:Moga url:http://dbpedia.org/resource/Moga type:city 
label:place id:161 name:Amritsar url:http://dbpedia.org/resource/Amritsar type:city 
label:place id:162 name:Srikakulam url:http://dbpedia.org/resource/Srikakulam type:city 
label:place id:163 name:Anantapur_district url:http://dbpedia.org/resource/Anantapur_district type:city 
label:place id:164 name:Kolkata url:http://dbpedia.org/resource/Kolkata type:city 
label:place id:165 name:Orissa url:http://dbpedia.org/resource/Orissa type:city 
label:place id:166 name:Kalady url:http://dbpedia.org/resource/Kalady type:city 
label:place id:167 name:Coimbatore url:http://dbpedia.org/resource/Coimbatore type:city 
label:place id:168 name:Gurgaon url:http://dbpedia.org/resource/Gurgaon type:city 
label:place id:169 name:Purulia url:http://dbpedia.org/resource/Purulia type:city 
label:place id:170 name:Kodambakkam url:http://dbpedia.org/resource/Kodambakkam type:city 
label:place id:171 name:Jodhpur url:http://dbpedia.org/resource/Jodhpur type:city 
label:place id:172 name:Mahishadal url:http://dbpedia.org/resource/Mahishadal type:city 
label:place id:173 name:Kurukshetra url:http://dbpedia.org/resource/Kurukshetra type:city 
label:place id:174 name:Meerut url:http://dbpedia.org/resource/Meerut type:city 
label:place id:175 name:Faizabad url:http://dbpedia.org/resource/Faizabad type:city 
label:place id:176 name:Bangalore url:http://dbpedia.org/resource/Bangalore type:city 
label:place id:177 name:Kota url:http://dbpedia.org/resource/Kota type:city 
label:place id:178 name:Lucknow url:http://dbpedia.org/resource/Lucknow type:city 
label:place id:179 name:Kalimpong url:http://dbpedia.org/resource/Kalimpong type:city 
label:place id:180 name:Cuttack url:http://dbpedia.org/resource/Cuttack type:city 
label:place id:181 name:Alappuzha url:http://dbpedia.org/resource/Alappuzha type:city 
label:place id:182 name:Davangere url:http://dbpedia.org/resource/Davangere type:city 
label:place id:183 name:Siliguri url:http://dbpedia.org/resource/Siliguri type:city 
label:place id:184 name:Bidar url:http://dbpedia.org/resource/Bidar type:city 
label:place id:185 name:Puttur url:http://dbpedia.org/resource/Puttur type:city 
label:place id:186 name:Maharashtra url:http://dbpedia.org/resource/Maharashtra type:city 
label:place id:187 name:Kolhapur url:http://dbpedia.org/resource/Kolhapur type:city 
label:place id:188 name:Habra url:http://dbpedia.org/resource/Habra type:city 
label:place id:189 name:Bihar url:http://dbpedia.org/resource/Bihar type:city 
label:place id:190 name:Hyderabad url:http://dbpedia.org/resource/Hyderabad type:city 
label:place id:191 name:Kadapa url:http://dbpedia.org/resource/Kadapa type:city 
label:place id:192 name:Bhilai url:http://dbpedia.org/resource/Bhilai type:city 
label:place id:193 name:Tirunelveli url:http://dbpedia.org/resource/Tirunelveli type:city 
label:place id:194 name:Moradabad url:http://dbpedia.org/resource/Moradabad type:city 
label:place id:195 name:Tiruvallur_district url:http://dbpedia.org/resource/Tiruvallur_district type:city 
label:place id:196 name:Nashik url:http://dbpedia.org/resource/Nashik type:city 
label:place id:197 name:Anand url:http://dbpedia.org/resource/Anand type:city 
label:place id:198 name:Sion url:http://dbpedia.org/resource/Sion type:city 
label:place id:199 name:Aizawl url:http://dbpedia.org/resource/Aizawl type:city 
label:place id:200 name:Jhansi url:http://dbpedia.org/resource/Jhansi type:city 
label:place id:201 name:Serampore url:http://dbpedia.org/resource/Serampore type:city 
label:place id:202 name:Asansol url:http://dbpedia.org/resource/Asansol type:city 
label:place id:203 name:Varanasi url:http://dbpedia.org/resource/Varanasi type:city 
label:place id:204 name:Navi_Mumbai url:http://dbpedia.org/resource/Navi_Mumbai type:city 
label:place id:205 name:Vadodara url:http://dbpedia.org/resource/Vadodara type:city 
label:place id:206 name:Patna url:http://dbpedia.org/resource/Patna type:city 
label:place id:207 name:Jajapur url:http://dbpedia.org/resource/Jajapur type:city 
label:place id:208 name:Bareilly url:http://dbpedia.org/resource/Bareilly type:city 
label:place id:209 name:Tamil_Nadu url:http://dbpedia.org/resource/Tamil_Nadu type:city 
label:place id:210 name:Ranchi url:http://dbpedia.org/resource/Ranchi type:city 
label:place id:211 name:Gulbarga url:http://dbpedia.org/resource/Gulbarga type:city 
label:place id:212 name:Erode url:http://dbpedia.org/resource/Erode type:city 
label:place id:213 name:Arambag url:http://dbpedia.org/resource/Arambag type:city 
label:place id:214 name:Howrah url:http://dbpedia.org/resource/Howrah type:city 
label:place id:215 name:Jaipur url:http://dbpedia.org/resource/Jaipur type:city 
label:place id:216 name:Kasaragod url:http://dbpedia.org/resource/Kasaragod type:city 
label:place id:217 name:Vallabh_Vidhyanagar url:http://dbpedia.org/resource/Vallabh_Vidhyanagar type:city 
label:place id:218 name:Suri url:http://dbpedia.org/resource/Suri type:city 
label:place id:219 name:Assam url:http://dbpedia.org/resource/Assam type:city 
label:place id:220 name:Greater_Noida url:http://dbpedia.org/resource/Greater_Noida type:city 
label:place id:221 name:Jorhat url:http://dbpedia.org/resource/Jorhat type:city 
label:place id:222 name:Allahabad url:http://dbpedia.org/resource/Allahabad type:city 
label:place id:223 name:Rajasthan url:http://dbpedia.org/resource/Rajasthan type:city 
label:place id:224 name:Aurangabad url:http://dbpedia.org/resource/Aurangabad type:city 
label:place id:225 name:Hisar url:http://dbpedia.org/resource/Hisar type:city 
label:place id:226 name:Haldwani url:http://dbpedia.org/resource/Haldwani type:city 
label:place id:227 name:Dum_Dum url:http://dbpedia.org/resource/Dum_Dum type:city 
label:place id:228 name:Vijayawada url:http://dbpedia.org/resource/Vijayawada type:city 
label:place id:229 name:Solapur url:http://dbpedia.org/resource/Solapur type:city 
label:place id:230 name:Malappuram url:http://dbpedia.org/resource/Malappuram type:city 
label:place id:231 name:Thanjavur url:http://dbpedia.org/resource/Thanjavur type:city 
label:place id:232 name:Dharwad url:http://dbpedia.org/resource/Dharwad type:city 
label:place id:233 name:Nalgonda url:http://dbpedia.org/resource/Nalgonda type:city 
label:place id:234 name:English_Bazar url:http://dbpedia.org/resource/English_Bazar type:city 
label:place id:235 name:Bankura url:http://dbpedia.org/resource/Bankura type:city 
label:place id:236 name:Belgaum url:http://dbpedia.org/resource/Belgaum type:city 
label:place id:237 name:Namakkal url:http://dbpedia.org/resource/Namakkal type:city 
label:place id:238 name:Balasore url:http://dbpedia.org/resource/Balasore type:city 
label:place id:239 name:Palayamkottai url:http://dbpedia.org/resource/Palayamkottai type:city 
label:place id:240 name:Chetpet url:http://dbpedia.org/resource/Chetpet type:city 
label:place id:241 name:Mangalore url:http://dbpedia.org/resource/Mangalore type:city 
label:place id:242 name:Nellore url:http://dbpedia.org/resource/Nellore type:city 
label:place id:243 name:Patiala url:http://dbpedia.org/resource/Patiala type:city 
label:place id:244 name:Madurai url:http://dbpedia.org/resource/Madurai type:city 
label:place id:245 name:Karaikudi url:http://dbpedia.org/resource/Karaikudi type:city 
label:place id:246 name:Karnataka url:http://dbpedia.org/resource/Karnataka type:city 
label:place id:247 name:Bahadurgarh url:http://dbpedia.org/resource/Bahadurgarh type:city 
label:place id:248 name:Silchar url:http://dbpedia.org/resource/Silchar type:city 
label:place id:249 name:Kandivali url:http://dbpedia.org/resource/Kandivali type:city 
label:place id:250 name:Ghaziabad url:http://dbpedia.org/resource/Ghaziabad type:city 
label:place id:251 name:Rajahmundry url:http://dbpedia.org/resource/Rajahmundry type:city 
label:place id:252 name:Dehradun url:http://dbpedia.org/resource/Dehradun type:city 
label:place id:253 name:Kozhikode url:http://dbpedia.org/resource/Kozhikode type:city 
label:place id:254 name:Salem url:http://dbpedia.org/resource/Salem type:city 
label:place id:255 name:Barasat url:http://dbpedia.org/resource/Barasat type:city 
label:place id:256 name:Guwahati url:http://dbpedia.org/resource/Guwahati type:city 
label:place id:257 name:Shimoga url:http://dbpedia.org/resource/Shimoga type:city 
label:place id:258 name:Kollam url:http://dbpedia.org/resource/Kollam type:city 
label:place id:259 name:Krishnanagar url:http://dbpedia.org/resource/Krishnanagar type:city 
label:place id:260 name:Ernakulam url:http://dbpedia.org/resource/Ernakulam type:city 
label:place id:261 name:Mumbai url:http://dbpedia.org/resource/Mumbai type:city 
label:place id:262 name:Talcher url:http://dbpedia.org/resource/Talcher type:city 
label:place id:263 name:Warangal url:http://dbpedia.org/resource/Warangal type:city 
label:place id:264 name:Goa url:http://dbpedia.org/resource/Goa type:city 
label:place id:265 name:Ajmer url:http://dbpedia.org/resource/Ajmer type:city 
label:place id:266 name:Raipur url:http://dbpedia.org/resource/Raipur type:city 
label:place id:267 name:Kerala url:http://dbpedia.org/resource/Kerala type:city 
label:place id:268 name:Jalpaiguri url:http://dbpedia.org/resource/Jalpaiguri type:city 
label:place id:269 name:Brahmavar url:http://dbpedia.org/resource/Brahmavar type:city 
label:place id:270 name:Manipal url:http://dbpedia.org/resource/Manipal type:city 
label:place id:271 name:Udaipur url:http://dbpedia.org/resource/Udaipur type:city 
label:place id:272 name:Tiruvallur url:http://dbpedia.org/resource/Tiruvallur type:city 
label:place id:273 name:Dhenkanal url:http://dbpedia.org/resource/Dhenkanal type:city 
label:place id:274 name:Thrissur url:http://dbpedia.org/resource/Thrissur type:city 
label:place id:275 name:Bandra url:http://dbpedia.org/resource/Bandra type:city 
label:place id:276 name:Chandigarh url:http://dbpedia.org/resource/Chandigarh type:city 
label:place id:277 name:Munsirhat url:http://dbpedia.org/resource/Munsirhat type:city 
label:place id:278 name:Tirupati url:http://dbpedia.org/resource/Tirupati type:city 
label:place id:279 name:Midnapore url:http://dbpedia.org/resource/Midnapore type:city 
label:place id:280 name:Poonamallee url:http://dbpedia.org/resource/Poonamallee type:city 
label:place id:281 name:Nalanda url:http://dbpedia.org/resource/Nalanda type:city 
label:place id:282 name:Jabalpur url:http://dbpedia.org/resource/Jabalpur type:city 
label:place id:283 name:Faridabad url:http://dbpedia.org/resource/Faridabad type:city 
label:place id:284 name:Rupnagar url:http://dbpedia.org/resource/Rupnagar type:city 
label:place id:285 name:Guntur url:http://dbpedia.org/resource/Guntur type:city 
label:place id:286 name:Kottayam url:http://dbpedia.org/resource/Kottayam type:city 
label:place id:287 name:Bhubaneswar url:http://dbpedia.org/resource/Bhubaneswar type:city 
label:place id:288 name:Fatehgarh_Sahib url:http://dbpedia.org/resource/Fatehgarh_Sahib type:city 
label:place id:289 name:Barrackpore url:http://dbpedia.org/resource/Barrackpore type:city 
label:place id:290 name:Gaya url:http://dbpedia.org/resource/Gaya type:city 
label:place id:291 name:Kashipur url:http://dbpedia.org/resource/Kashipur type:city 
label:place id:292 name:Gangtok url:http://dbpedia.org/resource/Gangtok type:city 
label:place id:293 name:Nerul url:http://dbpedia.org/resource/Nerul type:city 
label:place id:294 name:Bilaspur url:http://dbpedia.org/resource/Bilaspur type:city 
label:place id:295 name:Thiruchendur url:http://dbpedia.org/resource/Thiruchendur type:city 
label:place id:296 name:Gwalior url:http://dbpedia.org/resource/Gwalior type:city 
label:place id:297 name:Gujarat url:http://dbpedia.org/resource/Gujarat type:city 
label:place id:298 name:Indore url:http://dbpedia.org/resource/Indore type:city 
label:place id:299 name:Palakkad url:http://dbpedia.org/resource/Palakkad type:city 
label:place id:300 name:New_Delhi url:http://dbpedia.org/resource/New_Delhi type:city 
label:place id:301 name:Secunderabad url:http://dbpedia.org/resource/Secunderabad type:city 
label:place id:302 name:Durg url:http://dbpedia.org/resource/Durg type:city 
label:place id:303 name:Raniganj url:http://dbpedia.org/resource/Raniganj type:city 
label:place id:304 name:Thiruvananthapuram url:http://dbpedia.org/resource/Thiruvananthapuram type:city 
label:place id:305 name:Jamshedpur url:http://dbpedia.org/resource/Jamshedpur type:city 
label:place id:306 name:Bhagalpur url:http://dbpedia.org/resource/Bhagalpur type:city 
label:place id:307 name:Aligarh url:http://dbpedia.org/resource/Aligarh type:city 
label:place id:308 name:Sambalpur url:http://dbpedia.org/resource/Sambalpur type:city 
label:place id:309 name:Latur url:http://dbpedia.org/resource/Latur type:city 
label:place id:310 name:Zhengzhou url:http://dbpedia.org/resource/Zhengzhou type:city 
label:place id:311 name:Chishui url:http://dbpedia.org/resource/Chishui type:city 
label:place id:312 name:Donggang url:http://dbpedia.org/resource/Donggang type:city 
label:place id:313 name:Dandong url:http://dbpedia.org/resource/Dandong type:city 
label:place id:314 name:Chaohu url:http://dbpedia.org/resource/Chaohu type:city 
label:place id:315 name:Changji url:http://dbpedia.org/resource/Changji type:city 
label:place id:316 name:Bayannur url:http://dbpedia.org/resource/Bayannur type:city 
label:place id:317 name:Zhangzhou url:http://dbpedia.org/resource/Zhangzhou type:city 
label:place id:318 name:Huanggang url:http://dbpedia.org/resource/Huanggang type:city 
label:place id:319 name:Genhe url:http://dbpedia.org/resource/Genhe type:city 
label:place id:320 name:Baicheng url:http://dbpedia.org/resource/Baicheng type:city 
label:place id:321 name:Shenzhen url:http://dbpedia.org/resource/Shenzhen type:city 
label:place id:322 name:Deyang url:http://dbpedia.org/resource/Deyang type:city 
label:place id:323 name:Baiyin url:http://dbpedia.org/resource/Baiyin type:city 
label:place id:324 name:Bole url:http://dbpedia.org/resource/Bole type:city 
label:place id:325 name:Xi'an url:http://dbpedia.org/resource/Xi'an type:city 
label:place id:326 name:Ezhou url:http://dbpedia.org/resource/Ezhou type:city 
label:place id:327 name:Baoshan url:http://dbpedia.org/resource/Baoshan type:city 
label:place id:328 name:Baotou url:http://dbpedia.org/resource/Baotou type:city 
label:place id:329 name:Danyang url:http://dbpedia.org/resource/Danyang type:city 
label:place id:330 name:Changzhi url:http://dbpedia.org/resource/Changzhi type:city 
label:place id:331 name:Yueyang url:http://dbpedia.org/resource/Yueyang type:city 
label:place id:332 name:Diaobingshan url:http://dbpedia.org/resource/Diaobingshan type:city 
label:place id:333 name:Fuyang url:http://dbpedia.org/resource/Fuyang type:city 
label:place id:334 name:Dingxi url:http://dbpedia.org/resource/Dingxi type:city 
label:place id:335 name:Dunhuang url:http://dbpedia.org/resource/Dunhuang type:city 
label:place id:336 name:Nanning url:http://dbpedia.org/resource/Nanning type:city 
label:place id:337 name:Altay url:http://dbpedia.org/resource/Altay type:city 
label:place id:338 name:Fuqing url:http://dbpedia.org/resource/Fuqing type:city 
label:place id:339 name:Bei'an url:http://dbpedia.org/resource/Bei'an type:city 
label:place id:340 name:Anguo url:http://dbpedia.org/resource/Anguo type:city 
label:place id:341 name:Beihai url:http://dbpedia.org/resource/Beihai type:city 
label:place id:342 name:Daye url:http://dbpedia.org/resource/Daye type:city 
label:place id:343 name:Xinzheng url:http://dbpedia.org/resource/Xinzheng type:city 
label:place id:344 name:Harbin url:http://dbpedia.org/resource/Harbin type:city 
label:place id:345 name:Anshan url:http://dbpedia.org/resource/Anshan type:city 
label:place id:346 name:Duyun url:http://dbpedia.org/resource/Duyun type:city 
label:place id:347 name:Dongtai url:http://dbpedia.org/resource/Dongtai type:city 
label:place id:348 name:Xinxiang url:http://dbpedia.org/resource/Xinxiang type:city 
label:place id:349 name:Macau url:http://dbpedia.org/resource/Macau type:city 
label:place id:350 name:Da'an url:http://dbpedia.org/resource/Da'an type:city 
label:place id:351 name:Shenyang url:http://dbpedia.org/resource/Shenyang type:city 
label:place id:352 name:Dengta url:http://dbpedia.org/resource/Dengta type:city 
label:place id:353 name:Bijie url:http://dbpedia.org/resource/Bijie type:city 
label:place id:354 name:Aral url:http://dbpedia.org/resource/Aral type:city 
label:place id:355 name:Fujin url:http://dbpedia.org/resource/Fujin type:city 
label:place id:356 name:Chuzhou url:http://dbpedia.org/resource/Chuzhou type:city 
label:place id:357 name:Cenxi url:http://dbpedia.org/resource/Cenxi type:city 
label:place id:358 name:Songjiang_District url:http://dbpedia.org/resource/Songjiang_District type:city 
label:place id:359 name:Benxi url:http://dbpedia.org/resource/Benxi type:city 
label:place id:360 name:Datong url:http://dbpedia.org/resource/Datong type:city 
label:place id:361 name:Changde url:http://dbpedia.org/resource/Changde type:city 
label:place id:362 name:Bazhong url:http://dbpedia.org/resource/Bazhong type:city 
label:place id:363 name:Guilin url:http://dbpedia.org/resource/Guilin type:city 
label:place id:364 name:Mbabane url:http://dbpedia.org/resource/Mbabane type:city 
label:place id:365 name:Gaocheng url:http://dbpedia.org/resource/Gaocheng type:city 
label:place id:366 name:Anshun url:http://dbpedia.org/resource/Anshun type:city 
label:place id:367 name:Baise url:http://dbpedia.org/resource/Baise type:city 
label:place id:368 name:Dujiangyan url:http://dbpedia.org/resource/Dujiangyan type:city 
label:place id:369 name:Fangchenggang url:http://dbpedia.org/resource/Fangchenggang type:city 
label:place id:370 name:Erenhot url:http://dbpedia.org/resource/Erenhot type:city 
label:place id:371 name:Baoding url:http://dbpedia.org/resource/Baoding type:city 
label:place id:372 name:Ergun url:http://dbpedia.org/resource/Ergun type:city 
label:place id:373 name:Dunhua url:http://dbpedia.org/resource/Dunhua type:city 
label:place id:374 name:Gaoping url:http://dbpedia.org/resource/Gaoping type:city 
label:place id:375 name:Guangzhou url:http://dbpedia.org/resource/Guangzhou type:city 
label:place id:376 name:Hefei url:http://dbpedia.org/resource/Hefei type:city 
label:place id:377 name:Changle url:http://dbpedia.org/resource/Changle type:city 
label:place id:378 name:Luoyang url:http://dbpedia.org/resource/Luoyang type:city 
label:place id:379 name:Beipiao url:http://dbpedia.org/resource/Beipiao type:city 
label:place id:380 name:Dezhou url:http://dbpedia.org/resource/Dezhou type:city 
label:place id:381 name:Chongzuo url:http://dbpedia.org/resource/Chongzuo type:city 
label:place id:382 name:Baoji url:http://dbpedia.org/resource/Baoji type:city 
label:place id:383 name:Chenzhou url:http://dbpedia.org/resource/Chenzhou type:city 
label:place id:384 name:Pudong url:http://dbpedia.org/resource/Pudong type:city 
label:place id:385 name:Shijiazhuang url:http://dbpedia.org/resource/Shijiazhuang type:city 
label:place id:386 name:Hangzhou url:http://dbpedia.org/resource/Hangzhou type:city 
label:place id:387 name:Fuzhou url:http://dbpedia.org/resource/Fuzhou type:city 
label:place id:388 name:Changzhou url:http://dbpedia.org/resource/Changzhou type:city 
label:place id:389 name:Taiyuan url:http://dbpedia.org/resource/Taiyuan type:city 
label:place id:390 name:Foshan url:http://dbpedia.org/resource/Foshan type:city 
label:place id:391 name:Ankang url:http://dbpedia.org/resource/Ankang type:city 
label:place id:392 name:Gejiu url:http://dbpedia.org/resource/Gejiu type:city 
label:place id:393 name:Dongyang url:http://dbpedia.org/resource/Dongyang type:city 
label:place id:394 name:Anning url:http://dbpedia.org/resource/Anning type:city 
label:place id:395 name:Dexing url:http://dbpedia.org/resource/Dexing type:city 
label:place id:396 name:Zhuhai url:http://dbpedia.org/resource/Zhuhai type:city 
label:place id:397 name:Gaomi url:http://dbpedia.org/resource/Gaomi type:city 
label:place id:398 name:Ürümqi url:http://dbpedia.org/resource/Ürümqi type:city 
label:place id:399 name:Beiliu url:http://dbpedia.org/resource/Beiliu type:city 
label:place id:400 name:Fuquan url:http://dbpedia.org/resource/Fuquan type:city 
label:place id:401 name:Chaozhou url:http://dbpedia.org/resource/Chaozhou type:city 
label:place id:402 name:Conghua url:http://dbpedia.org/resource/Conghua type:city 
label:place id:403 name:Dangyang url:http://dbpedia.org/resource/Dangyang type:city 
label:place id:404 name:Fukang url:http://dbpedia.org/resource/Fukang type:city 
label:place id:405 name:Chaoyang url:http://dbpedia.org/resource/Chaoyang type:city 
label:place id:406 name:Fuxin url:http://dbpedia.org/resource/Fuxin type:city 
label:place id:407 name:Changyi url:http://dbpedia.org/resource/Changyi type:city 
label:place id:408 name:Chongzhou url:http://dbpedia.org/resource/Chongzhou type:city 
label:place id:409 name:Enping url:http://dbpedia.org/resource/Enping type:city 
label:place id:410 name:Dehui url:http://dbpedia.org/resource/Dehui type:city 
label:place id:411 name:Quanzhou url:http://dbpedia.org/resource/Quanzhou type:city 
label:place id:412 name:Emeishan url:http://dbpedia.org/resource/Emeishan type:city 
label:place id:413 name:Anqiu url:http://dbpedia.org/resource/Anqiu type:city 
label:place id:414 name:Beitun url:http://dbpedia.org/resource/Beitun type:city 
label:place id:415 name:Changning url:http://dbpedia.org/resource/Changning type:city 
label:place id:416 name:Gaizhou url:http://dbpedia.org/resource/Gaizhou type:city 
label:place id:417 name:Dongguan url:http://dbpedia.org/resource/Dongguan type:city 
label:place id:418 name:Lanzhou url:http://dbpedia.org/resource/Lanzhou type:city 
label:place id:419 name:Beibei_District url:http://dbpedia.org/resource/Beibei_District type:city 
label:place id:420 name:Shantou url:http://dbpedia.org/resource/Shantou type:city 
label:place id:421 name:Dazhou url:http://dbpedia.org/resource/Dazhou type:city 
label:place id:422 name:Feicheng url:http://dbpedia.org/resource/Feicheng type:city 
label:place id:423 name:Yantai url:http://dbpedia.org/resource/Yantai type:city 
label:place id:424 name:Gaoyao url:http://dbpedia.org/resource/Gaoyao type:city 
label:place id:425 name:Dali url:http://dbpedia.org/resource/Dali type:city 
label:place id:426 name:Kunming url:http://dbpedia.org/resource/Kunming type:city 
label:place id:427 name:Fu'an url:http://dbpedia.org/resource/Fu'an type:city 
label:place id:428 name:Brooklyn url:http://dbpedia.org/resource/Brooklyn type:city 
label:place id:429 name:Botou url:http://dbpedia.org/resource/Botou type:city 
label:place id:430 name:Danzhou url:http://dbpedia.org/resource/Danzhou type:city 
label:place id:431 name:Bozhou url:http://dbpedia.org/resource/Bozhou type:city 
label:place id:432 name:Danjiangkou url:http://dbpedia.org/resource/Danjiangkou type:city 
label:place id:433 name:Nanchang url:http://dbpedia.org/resource/Nanchang type:city 
label:place id:434 name:Baishan url:http://dbpedia.org/resource/Baishan type:city 
label:place id:435 name:Gaozhou url:http://dbpedia.org/resource/Gaozhou type:city 
label:place id:436 name:Anda url:http://dbpedia.org/resource/Anda type:city 
label:place id:437 name:Arxan url:http://dbpedia.org/resource/Arxan type:city 
label:place id:438 name:Changge url:http://dbpedia.org/resource/Changge type:city 
label:place id:439 name:Changshu url:http://dbpedia.org/resource/Changshu type:city 
label:place id:440 name:Nan'an_District url:http://dbpedia.org/resource/Nan'an_District type:city 
label:place id:441 name:Nanchong url:http://dbpedia.org/resource/Nanchong type:city 
label:place id:442 name:Putian url:http://dbpedia.org/resource/Putian type:city 
label:place id:443 name:Dafeng url:http://dbpedia.org/resource/Dafeng type:city 
label:place id:444 name:Dongfang url:http://dbpedia.org/resource/Dongfang type:city 
label:place id:445 name:Chizhou url:http://dbpedia.org/resource/Chizhou type:city 
label:place id:446 name:Beijing url:http://dbpedia.org/resource/Beijing type:city 
label:place id:447 name:Haidian_District url:http://dbpedia.org/resource/Haidian_District type:city 
label:place id:448 name:Cixi url:http://dbpedia.org/resource/Cixi type:city 
label:place id:449 name:Xiangtan url:http://dbpedia.org/resource/Xiangtan type:city 
label:place id:450 name:Dongying url:http://dbpedia.org/resource/Dongying type:city 
label:place id:451 name:Fenyang url:http://dbpedia.org/resource/Fenyang type:city 
label:place id:452 name:Hengyang url:http://dbpedia.org/resource/Hengyang type:city 
label:place id:453 name:Anlu url:http://dbpedia.org/resource/Anlu type:city 
label:place id:454 name:Shihezi url:http://dbpedia.org/resource/Shihezi type:city 
label:place id:455 name:Golmud url:http://dbpedia.org/resource/Golmud type:city 
label:place id:456 name:Fuyu url:http://dbpedia.org/resource/Fuyu type:city 
label:place id:457 name:Gaobeidian url:http://dbpedia.org/resource/Gaobeidian type:city 
label:place id:458 name:Tianjin url:http://dbpedia.org/resource/Tianjin type:city 
label:place id:459 name:Shanghai url:http://dbpedia.org/resource/Shanghai type:city 
label:place id:460 name:Beizhen url:http://dbpedia.org/resource/Beizhen type:city 
label:place id:461 name:Cangzhou url:http://dbpedia.org/resource/Cangzhou type:city 
label:place id:462 name:Fuzhou, url:http://dbpedia.org/resource/Fuzhou, type:city 
label:place id:463 name:Fengcheng, url:http://dbpedia.org/resource/Fengcheng, type:city 
label:place id:464 name:Chibi url:http://dbpedia.org/resource/Chibi type:city 
label:place id:465 name:Fengzhen url:http://dbpedia.org/resource/Fengzhen type:city 
label:place id:466 name:Chuxiong url:http://dbpedia.org/resource/Chuxiong type:city 
label:place id:467 name:Qiqihar url:http://dbpedia.org/resource/Qiqihar type:city 
label:place id:468 name:Alashankou url:http://dbpedia.org/resource/Alashankou type:city 
label:place id:469 name:Huainan url:http://dbpedia.org/resource/Huainan type:city 
label:place id:470 name:Ma'anshan url:http://dbpedia.org/resource/Ma'anshan type:city 
label:place id:471 name:Changchun url:http://dbpedia.org/resource/Changchun type:city 
label:place id:472 name:Wuhan url:http://dbpedia.org/resource/Wuhan type:city 
label:place id:473 name:Gaoyou url:http://dbpedia.org/resource/Gaoyou type:city 
label:place id:474 name:Yinchuan url:http://dbpedia.org/resource/Yinchuan type:city 
label:place id:475 name:Fushun url:http://dbpedia.org/resource/Fushun type:city 
label:place id:476 name:Dongxing url:http://dbpedia.org/resource/Dongxing type:city 
label:place id:477 name:Chifeng url:http://dbpedia.org/resource/Chifeng type:city 
label:place id:478 name:Qingdao url:http://dbpedia.org/resource/Qingdao type:city 
label:place id:479 name:Chongqing url:http://dbpedia.org/resource/Chongqing type:city 
label:place id:480 name:Fuding url:http://dbpedia.org/resource/Fuding type:city 
label:place id:481 name:Dengzhou url:http://dbpedia.org/resource/Dengzhou type:city 
label:place id:482 name:Gongyi url:http://dbpedia.org/resource/Gongyi type:city 
label:place id:483 name:Dengfeng url:http://dbpedia.org/resource/Dengfeng type:city 
label:place id:484 name:Daqing url:http://dbpedia.org/resource/Daqing type:city 
label:place id:485 name:Changsha url:http://dbpedia.org/resource/Changsha type:city 
label:place id:486 name:Anqing url:http://dbpedia.org/resource/Anqing type:city 
label:place id:487 name:Bazhou url:http://dbpedia.org/resource/Bazhou type:city 
label:place id:488 name:Dingzhou url:http://dbpedia.org/resource/Dingzhou type:city 
label:place id:489 name:Suzhou url:http://dbpedia.org/resource/Suzhou type:city 
label:place id:490 name:Fuling_District url:http://dbpedia.org/resource/Fuling_District type:city 
label:place id:491 name:Anyang url:http://dbpedia.org/resource/Anyang type:city 
label:place id:492 name:Dalian url:http://dbpedia.org/resource/Dalian type:city 
label:place id:493 name:Enshi url:http://dbpedia.org/resource/Enshi type:city 
label:place id:494 name:Chengdu url:http://dbpedia.org/resource/Chengdu type:city 
label:place id:495 name:Binzhou url:http://dbpedia.org/resource/Binzhou type:city 
label:place id:496 name:Fuyang, url:http://dbpedia.org/resource/Fuyang, type:city 
label:place id:497 name:Jinan url:http://dbpedia.org/resource/Jinan type:city 
label:place id:498 name:Nanjing url:http://dbpedia.org/resource/Nanjing type:city 
label:place id:499 name:Bengbu url:http://dbpedia.org/resource/Bengbu type:city 
label:place id:500 name:Ganzhou url:http://dbpedia.org/resource/Ganzhou type:city 
label:place id:501 name:Chengde url:http://dbpedia.org/resource/Chengde type:city 
label:place id:502 name:Kowloon url:http://dbpedia.org/resource/Kowloon type:city 
label:place id:503 name:Fenghua url:http://dbpedia.org/resource/Fenghua type:city 
label:place id:504 name:Gao'an url:http://dbpedia.org/resource/Gao'an type:city 
label:place id:505 name:Artux url:http://dbpedia.org/resource/Artux type:city 
label:place id:506 name:Dashiqiao url:http://dbpedia.org/resource/Dashiqiao type:city 
label:place id:507 name:Shanxi url:http://dbpedia.org/resource/Shanxi type:city 
label:place id:510 name:Baku url:http://dbpedia.org/resource/Baku type:city 
label:place id:522 name:Ma_Liu_Shui url:http://dbpedia.org/resource/Ma_Liu_Shui type:city 
label:place id:523 name:Jerusalem url:http://dbpedia.org/resource/Jerusalem type:city 
label:place id:524 name:Amman url:http://dbpedia.org/resource/Amman type:city 
label:place id:525 name:Vientiane url:http://dbpedia.org/resource/Vientiane type:city 
label:place id:533 name:Ulan_Bator url:http://dbpedia.org/resource/Ulan_Bator type:city 
label:place id:539 name:Muscat url:http://dbpedia.org/resource/Muscat type:city 
label:place id:547 name:SingaporeCity url:http://dbpedia.org/resource/SingaporeCity type:city 
label:place id:552 name:Dushanbe url:http://dbpedia.org/resource/Dushanbe type:city 
label:place id:635 name:Gorontalo url:http://dbpedia.org/resource/Gorontalo type:city 
label:place id:636 name:West_Java url:http://dbpedia.org/resource/West_Java type:city 
label:place id:637 name:Surabaya url:http://dbpedia.org/resource/Surabaya type:city 
label:place id:638 name:Depok url:http://dbpedia.org/resource/Depok type:city 
label:place id:639 name:Bandar_Lampung url:http://dbpedia.org/resource/Bandar_Lampung type:city 
label:place id:640 name:Tangerang url:http://dbpedia.org/resource/Tangerang type:city 
label:place id:641 name:Surakarta url:http://dbpedia.org/resource/Surakarta type:city 
label:place id:642 name:Makassar url:http://dbpedia.org/resource/Makassar type:city 
label:place id:643 name:Yogyakarta url:http://dbpedia.org/resource/Yogyakarta type:city 
label:place id:644 name:Bangkalan url:http://dbpedia.org/resource/Bangkalan type:city 
label:place id:645 name:Ciputat url:http://dbpedia.org/resource/Ciputat type:city 
label:place id:646 name:Manokwari_Regency url:http://dbpedia.org/resource/Manokwari_Regency type:city 
label:place id:647 name:Purwokerto url:http://dbpedia.org/resource/Purwokerto type:city 
label:place id:648 name:Samarinda url:http://dbpedia.org/resource/Samarinda type:city 
label:place id:649 name:Serang url:http://dbpedia.org/resource/Serang type:city 
label:place id:650 name:Bali url:http://dbpedia.org/resource/Bali type:city 
label:place id:651 name:Padang url:http://dbpedia.org/resource/Padang type:city 
label:place id:652 name:Semarang url:http://dbpedia.org/resource/Semarang type:city 
label:place id:653 name:Manado url:http://dbpedia.org/resource/Manado type:city 
label:place id:654 name:Central_Jakarta url:http://dbpedia.org/resource/Central_Jakarta type:city 
label:place id:655 name:Medan url:http://dbpedia.org/resource/Medan type:city 
label:place id:656 name:Bengkulu url:http://dbpedia.org/resource/Bengkulu type:city 
label:place id:657 name:Manokwari url:http://dbpedia.org/resource/Manokwari type:city 
label:place id:658 name:Jakarta url:http://dbpedia.org/resource/Jakarta type:city 
label:place id:659 name:Tarakan url:http://dbpedia.org/resource/Tarakan type:city 
label:place id:660 name:Bandung url:http://dbpedia.org/resource/Bandung type:city 
label:place id:661 name:Banda_Aceh url:http://dbpedia.org/resource/Banda_Aceh type:city 
label:place id:662 name:Banjarmasin url:http://dbpedia.org/resource/Banjarmasin type:city 
label:place id:663 name:Jambi_City url:http://dbpedia.org/resource/Jambi_City type:city 
label:place id:664 name:Pontianak url:http://dbpedia.org/resource/Pontianak type:city 
label:place id:665 name:Mataram url:http://dbpedia.org/resource/Mataram type:city 
label:place id:666 name:Jimbaran url:http://dbpedia.org/resource/Jimbaran type:city 
label:place id:667 name:Ambon url:http://dbpedia.org/resource/Ambon type:city 
label:place id:668 name:Badung_Regency url:http://dbpedia.org/resource/Badung_Regency type:city 
label:place id:669 name:Kupang url:http://dbpedia.org/resource/Kupang type:city 
label:place id:670 name:Magelang url:http://dbpedia.org/resource/Magelang type:city 
label:place id:671 name:West_Papua url:http://dbpedia.org/resource/West_Papua type:city 
label:place id:672 name:South_Tangerang url:http://dbpedia.org/resource/South_Tangerang type:city 
label:place id:673 name:Tegal_Regency url:http://dbpedia.org/resource/Tegal_Regency type:city 
label:place id:674 name:Nagoya url:http://dbpedia.org/resource/Nagoya type:city 
label:place id:675 name:Yokosuka url:http://dbpedia.org/resource/Yokosuka type:city 
label:place id:676 name:Chiba url:http://dbpedia.org/resource/Chiba type:city 
label:place id:677 name:Chiyoda url:http://dbpedia.org/resource/Chiyoda type:city 
label:place id:678 name:Shibuya url:http://dbpedia.org/resource/Shibuya type:city 
label:place id:679 name:Nara url:http://dbpedia.org/resource/Nara type:city 
label:place id:680 name:Hachiōji url:http://dbpedia.org/resource/Hachiōji type:city 
label:place id:681 name:Sagamihara url:http://dbpedia.org/resource/Sagamihara type:city 
label:place id:682 name:Ichikawa url:http://dbpedia.org/resource/Ichikawa type:city 
label:place id:683 name:Kyoto url:http://dbpedia.org/resource/Kyoto type:city 
label:place id:684 name:Gifu url:http://dbpedia.org/resource/Gifu type:city 
label:place id:685 name:Toyoake url:http://dbpedia.org/resource/Toyoake type:city 
label:place id:686 name:Fujisawa url:http://dbpedia.org/resource/Fujisawa type:city 
label:place id:687 name:Okazaki url:http://dbpedia.org/resource/Okazaki type:city 
label:place id:688 name:Hirosaki url:http://dbpedia.org/resource/Hirosaki type:city 
label:place id:689 name:Nagakute url:http://dbpedia.org/resource/Nagakute type:city 
label:place id:690 name:Akita_City url:http://dbpedia.org/resource/Akita_City type:city 
label:place id:691 name:Nagasaki url:http://dbpedia.org/resource/Nagasaki type:city 
label:place id:692 name:Shimonoseki url:http://dbpedia.org/resource/Shimonoseki type:city 
label:place id:693 name:Aomori url:http://dbpedia.org/resource/Aomori type:city 
label:place id:694 name:Tokyo url:http://dbpedia.org/resource/Tokyo type:city 
label:place id:695 name:Toyohashi url:http://dbpedia.org/resource/Toyohashi type:city 
label:place id:696 name:Toyota url:http://dbpedia.org/resource/Toyota type:city 
label:place id:697 name:Owariasahi url:http://dbpedia.org/resource/Owariasahi type:city 
label:place id:698 name:Bunkyo url:http://dbpedia.org/resource/Bunkyo type:city 
label:place id:699 name:Hamamatsu url:http://dbpedia.org/resource/Hamamatsu type:city 
label:place id:700 name:Nisshin url:http://dbpedia.org/resource/Nisshin type:city 
label:place id:701 name:Niigata url:http://dbpedia.org/resource/Niigata type:city 
label:place id:702 name:Machida url:http://dbpedia.org/resource/Machida type:city 
label:place id:703 name:Osaka url:http://dbpedia.org/resource/Osaka type:city 
label:place id:704 name:Aichi_Prefecture url:http://dbpedia.org/resource/Aichi_Prefecture type:city 
label:place id:705 name:Sapporo url:http://dbpedia.org/resource/Sapporo type:city 
label:place id:706 name:Setagaya url:http://dbpedia.org/resource/Setagaya type:city 
label:place id:707 name:Hachinohe url:http://dbpedia.org/resource/Hachinohe type:city 
label:place id:708 name:Yokohama url:http://dbpedia.org/resource/Yokohama type:city 
label:place id:709 name:Atsugi url:http://dbpedia.org/resource/Atsugi type:city 
label:place id:710 name:Kobe url:http://dbpedia.org/resource/Kobe type:city 
label:place id:711 name:Kagoshima url:http://dbpedia.org/resource/Kagoshima type:city 
label:place id:712 name:Tokushima url:http://dbpedia.org/resource/Tokushima type:city 
label:place id:713 name:Chikusa-ku url:http://dbpedia.org/resource/Chikusa-ku type:city 
label:place id:753 name:Sukkur url:http://dbpedia.org/resource/Sukkur type:city 
label:place id:754 name:Khuzdar url:http://dbpedia.org/resource/Khuzdar type:city 
label:place id:755 name:Larkana_District url:http://dbpedia.org/resource/Larkana_District type:city 
label:place id:756 name:Jhang url:http://dbpedia.org/resource/Jhang type:city 
label:place id:757 name:Nawabshah url:http://dbpedia.org/resource/Nawabshah type:city 
label:place id:758 name:Swat url:http://dbpedia.org/resource/Swat type:city 
label:place id:759 name:http://maps.google.com/maps?ll=25.530889,69.017306&spn=0.01,0.01&t=m&q=25.530889,69.017306 url:http://dbpedia.org/resource/http://maps.google.com/maps?ll=25.530889,69.017306&spn=0.01,0.01&t=m&q=25.530889,69.017306 type:city 
label:place id:760 name:Sialkot url:http://dbpedia.org/resource/Sialkot type:city 
label:place id:761 name:Ahmedpur_Sial url:http://dbpedia.org/resource/Ahmedpur_Sial type:city 
label:place id:762 name:Lahore url:http://dbpedia.org/resource/Lahore type:city 
label:place id:763 name:Kahuta url:http://dbpedia.org/resource/Kahuta type:city 
label:place id:764 name:Shorkot url:http://dbpedia.org/resource/Shorkot type:city 
label:place id:765 name:Mirpur url:http://dbpedia.org/resource/Mirpur type:city 
label:place id:766 name:Swabi url:http://dbpedia.org/resource/Swabi type:city 
label:place id:767 name:Taxila url:http://dbpedia.org/resource/Taxila type:city 
label:place id:768 name:Kharian url:http://dbpedia.org/resource/Kharian type:city 
label:place id:769 name:Quetta url:http://dbpedia.org/resource/Quetta type:city 
label:place id:770 name:Faisalabad url:http://dbpedia.org/resource/Faisalabad type:city 
label:place id:771 name:Topi url:http://dbpedia.org/resource/Topi type:city 
label:place id:772 name:Karachi url:http://dbpedia.org/resource/Karachi type:city 
label:place id:773 name:Tando_Jam url:http://dbpedia.org/resource/Tando_Jam type:city 
label:place id:774 name:Surat,India url:http://dbpedia.org/resource/Surat,India type:city 
label:place id:775 name:New_Muslim_Town url:http://dbpedia.org/resource/New_Muslim_Town type:city 
label:place id:776 name:Multan url:http://dbpedia.org/resource/Multan type:city 
label:place id:777 name:Islamabad url:http://dbpedia.org/resource/Islamabad type:city 
label:place id:778 name:Risalpur url:http://dbpedia.org/resource/Risalpur type:city 
label:place id:779 name:Islamabad/Rawalpindi,Lahore url:http://dbpedia.org/resource/Islamabad/Rawalpindi,Lahore type:city 
label:place id:780 name:Major_Cities url:http://dbpedia.org/resource/Major_Cities type:city 
label:place id:781 name:Bahria_Town url:http://dbpedia.org/resource/Bahria_Town type:city 
label:place id:782 name:Peshawar url:http://dbpedia.org/resource/Peshawar type:city 
label:place id:783 name:Dera_Ismail_Khan url:http://dbpedia.org/resource/Dera_Ismail_Khan type:city 
label:place id:784 name:Abbottabad url:http://dbpedia.org/resource/Abbottabad type:city 
label:place id:785 name:Jamshoro url:http://dbpedia.org/resource/Jamshoro type:city 
label:place id:786 name:Rawalpindi url:http://dbpedia.org/resource/Rawalpindi type:city 
label:place id:787 name:Wah_Cantonment url:http://dbpedia.org/resource/Wah_Cantonment type:city 
label:place id:788 name:Khyber_Pakhtunkhwa url:http://dbpedia.org/resource/Khyber_Pakhtunkhwa type:city 
label:place id:789 name:Sahiwal_Division url:http://dbpedia.org/resource/Sahiwal_Division type:city 
label:place id:790 name:Nilore url:http://dbpedia.org/resource/Nilore type:city 
label:place id:791 name:Rahim_Yar_Khan url:http://dbpedia.org/resource/Rahim_Yar_Khan type:city 
label:place id:792 name:Khairpur url:http://dbpedia.org/resource/Khairpur type:city 
label:place id:793 name:Iloilo_City url:http://dbpedia.org/resource/Iloilo_City type:city 
label:place id:794 name:Cabuyao url:http://dbpedia.org/resource/Cabuyao type:city 
label:place id:795 name:Kalibo url:http://dbpedia.org/resource/Kalibo type:city 
label:place id:796 name:Davao_City url:http://dbpedia.org/resource/Davao_City type:city 
label:place id:797 name:Iligan url:http://dbpedia.org/resource/Iligan type:city 
label:place id:798 name:Mandaluyong url:http://dbpedia.org/resource/Mandaluyong type:city 
label:place id:799 name:Tuguegarao url:http://dbpedia.org/resource/Tuguegarao type:city 
label:place id:800 name:Manila url:http://dbpedia.org/resource/Manila type:city 
label:place id:801 name:Cebu_City url:http://dbpedia.org/resource/Cebu_City type:city 
label:place id:802 name:Roxas url:http://dbpedia.org/resource/Roxas type:city 
label:place id:803 name:Pasay url:http://dbpedia.org/resource/Pasay type:city 
label:place id:804 name:Laoag url:http://dbpedia.org/resource/Laoag type:city 
label:place id:805 name:Legazpi url:http://dbpedia.org/resource/Legazpi type:city 
label:place id:806 name:Ermita url:http://dbpedia.org/resource/Ermita type:city 
label:place id:807 name:Dumaguete url:http://dbpedia.org/resource/Dumaguete type:city 
label:place id:808 name:Bacolod url:http://dbpedia.org/resource/Bacolod type:city 
label:place id:809 name:Los_Baños url:http://dbpedia.org/resource/Los_Baños type:city 
label:place id:810 name:Silang url:http://dbpedia.org/resource/Silang type:city 
label:place id:811 name:Taguig url:http://dbpedia.org/resource/Taguig type:city 
label:place id:812 name:Biñan url:http://dbpedia.org/resource/Biñan type:city 
label:place id:813 name:Lipa url:http://dbpedia.org/resource/Lipa type:city 
label:place id:814 name:Zamboanga_City url:http://dbpedia.org/resource/Zamboanga_City type:city 
label:place id:815 name:Intramuros url:http://dbpedia.org/resource/Intramuros type:city 
label:place id:816 name:Malate url:http://dbpedia.org/resource/Malate type:city 
label:place id:817 name:Dagupan url:http://dbpedia.org/resource/Dagupan type:city 
label:place id:818 name:Angeles url:http://dbpedia.org/resource/Angeles type:city 
label:place id:819 name:Makati url:http://dbpedia.org/resource/Makati type:city 
label:place id:820 name:Tacloban url:http://dbpedia.org/resource/Tacloban type:city 
label:place id:821 name:Cagayan_de_Oro url:http://dbpedia.org/resource/Cagayan_de_Oro type:city 
label:place id:822 name:Cavite_City url:http://dbpedia.org/resource/Cavite_City type:city 
label:place id:823 name:Quezon_City url:http://dbpedia.org/resource/Quezon_City type:city 
label:place id:824 name:Sampaloc url:http://dbpedia.org/resource/Sampaloc type:city 
label:place id:825 name:Bislig url:http://dbpedia.org/resource/Bislig type:city 
label:place id:826 name:Tagbilaran url:http://dbpedia.org/resource/Tagbilaran type:city 
label:place id:827 name:Santa_Rosa url:http://dbpedia.org/resource/Santa_Rosa type:city 
label:place id:828 name:San_Miguel url:http://dbpedia.org/resource/San_Miguel type:city 
label:place id:829 name:Cabanatuan url:http://dbpedia.org/resource/Cabanatuan type:city 
label:place id:830 name:Malolos url:http://dbpedia.org/resource/Malolos type:city 
label:place id:831 name:Naga url:http://dbpedia.org/resource/Naga type:city 
label:place id:912 name:Tuyên_Quang url:http://dbpedia.org/resource/Tuyên_Quang type:city 
label:place id:913 name:Quảng_Ngãi url:http://dbpedia.org/resource/Quảng_Ngãi type:city 
label:place id:914 name:Quy_Nhơn url:http://dbpedia.org/resource/Quy_Nhơn type:city 
label:place id:915 name:Thái_Nguyên url:http://dbpedia.org/resource/Thái_Nguyên type:city 
label:place id:916 name:Hanoi url:http://dbpedia.org/resource/Hanoi type:city 
label:place id:917 name:Nha_Trang url:http://dbpedia.org/resource/Nha_Trang type:city 
label:place id:918 name:Đông_Hà url:http://dbpedia.org/resource/Đông_Hà type:city 
label:place id:919 name:Đồng_Hới url:http://dbpedia.org/resource/Đồng_Hới type:city 
label:place id:920 name:Bắc_Giang url:http://dbpedia.org/resource/Bắc_Giang type:city 
label:place id:921 name:Bến url:http://dbpedia.org/resource/Bến type:city 
label:place id:922 name:Da_Nang url:http://dbpedia.org/resource/Da_Nang type:city 
label:place id:923 name:Nghe_An_province url:http://dbpedia.org/resource/Nghe_An_province type:city 
label:place id:924 name:Long_Xuyen url:http://dbpedia.org/resource/Long_Xuyen type:city 
label:place id:925 name:Biên_Hòa url:http://dbpedia.org/resource/Biên_Hòa type:city 
label:place id:926 name:Thái_Bình url:http://dbpedia.org/resource/Thái_Bình type:city 
label:place id:927 name:Mỹ_Tho url:http://dbpedia.org/resource/Mỹ_Tho type:city 
label:place id:928 name:Sơn_La url:http://dbpedia.org/resource/Sơn_La type:city 
label:place id:929 name:Phan_Rang–Tháp_Chàm url:http://dbpedia.org/resource/Phan_Rang–Tháp_Chàm type:city 
label:place id:930 name:Móng_Cái url:http://dbpedia.org/resource/Móng_Cái type:city 
label:place id:931 name:Phan_Thiết url:http://dbpedia.org/resource/Phan_Thiết type:city 
label:place id:932 name:Thanh_Hóa url:http://dbpedia.org/resource/Thanh_Hóa type:city 
label:place id:933 name:Điện_Biên_Phủ url:http://dbpedia.org/resource/Điện_Biên_Phủ type:city 
label:place id:934 name:Trà_Vinh url:http://dbpedia.org/resource/Trà_Vinh type:city 
label:place id:935 name:Phủ_Lý url:http://dbpedia.org/resource/Phủ_Lý type:city 
label:place id:936 name:Tuy_Hòa url:http://dbpedia.org/resource/Tuy_Hòa type:city 
label:place id:937 name:Hung_Yen_province url:http://dbpedia.org/resource/Hung_Yen_province type:city 
label:place id:938 name:Tân_An url:http://dbpedia.org/resource/Tân_An type:city 
label:place id:939 name:Sóc_Trăng url:http://dbpedia.org/resource/Sóc_Trăng type:city 
label:place id:940 name:Cần_Thơ url:http://dbpedia.org/resource/Cần_Thơ type:city 
label:place id:941 name:Huế url:http://dbpedia.org/resource/Huế type:city 
label:place id:942 name:Tam_Kỳ url:http://dbpedia.org/resource/Tam_Kỳ type:city 
label:place id:943 name:Gia_lam url:http://dbpedia.org/resource/Gia_lam type:city 
label:place id:944 name:Rạch_Giá url:http://dbpedia.org/resource/Rạch_Giá type:city 
label:place id:945 name:Cua_Lo url:http://dbpedia.org/resource/Cua_Lo type:city 
label:place id:946 name:Bạc_Liêu url:http://dbpedia.org/resource/Bạc_Liêu type:city 
label:place id:947 name:Ho_Chi_Minh_City url:http://dbpedia.org/resource/Ho_Chi_Minh_City type:city 
label:place id:948 name:Bà_Rịa url:http://dbpedia.org/resource/Bà_Rịa type:city 
label:place id:949 name:Đà_Lạt url:http://dbpedia.org/resource/Đà_Lạt type:city 
label:place id:950 name:Pleiku url:http://dbpedia.org/resource/Pleiku type:city 
label:place id:951 name:Puli_Khumri url:http://dbpedia.org/resource/Puli_Khumri type:city 
label:place id:952 name:Lashkar_Gah url:http://dbpedia.org/resource/Lashkar_Gah type:city 
label:place id:953 name:Jalalabad url:http://dbpedia.org/resource/Jalalabad type:city 
label:place id:954 name:Asadabad url:http://dbpedia.org/resource/Asadabad type:city 
label:place id:955 name:Kabul url:http://dbpedia.org/resource/Kabul type:city 
label:place id:956 name:Kandahar url:http://dbpedia.org/resource/Kandahar type:city 
label:place id:957 name:Gardēz url:http://dbpedia.org/resource/Gardēz type:city 
label:place id:958 name:Herat url:http://dbpedia.org/resource/Herat type:city 
label:place id:959 name:Khost url:http://dbpedia.org/resource/Khost type:city 
label:place id:1010 name:Taungoo_Township url:http://dbpedia.org/resource/Taungoo_Township type:city 
label:place id:1011 name:Sittwe_District url:http://dbpedia.org/resource/Sittwe_District type:city 
label:place id:1012 name:Lanmadaw_Township url:http://dbpedia.org/resource/Lanmadaw_Township type:city 
label:place id:1013 name:Mayangone url:http://dbpedia.org/resource/Mayangone type:city 
label:place id:1014 name:Insein_Township url:http://dbpedia.org/resource/Insein_Township type:city 
label:place id:1015 name:Taungoo url:http://dbpedia.org/resource/Taungoo type:city 
label:place id:1016 name:Yangon url:http://dbpedia.org/resource/Yangon type:city 
label:place id:1017 name:Loikaw url:http://dbpedia.org/resource/Loikaw type:city 
label:place id:1018 name:Pyin_U_Lwin url:http://dbpedia.org/resource/Pyin_U_Lwin type:city 
label:place id:1019 name:Meiktila url:http://dbpedia.org/resource/Meiktila type:city 
label:place id:1030 name:Kampong_Cham url:http://dbpedia.org/resource/Kampong_Cham type:city 
label:place id:1031 name:Siem_Reap url:http://dbpedia.org/resource/Siem_Reap type:city 
label:place id:1032 name:Kampong_Speu url:http://dbpedia.org/resource/Kampong_Speu type:city 
label:place id:1033 name:Ta_Khmau url:http://dbpedia.org/resource/Ta_Khmau type:city 
label:place id:1034 name:Pray_Veng url:http://dbpedia.org/resource/Pray_Veng type:city 
label:place id:1035 name:Battambang url:http://dbpedia.org/resource/Battambang type:city 
label:place id:1036 name:Borey_Seang_Nam url:http://dbpedia.org/resource/Borey_Seang_Nam type:city 
label:place id:1037 name:Phnom_Penh url:http://dbpedia.org/resource/Phnom_Penh type:city 
label:place id:1038 name:Sihanoukville url:http://dbpedia.org/resource/Sihanoukville type:city 
label:place id:1039 name:Pursat url:http://dbpedia.org/resource/Pursat type:city 
label:place id:1158 name:Shiraz url:http://dbpedia.org/resource/Shiraz type:city 
label:place id:1159 name:Shahrekord url:http://dbpedia.org/resource/Shahrekord type:city 
label:place id:1160 name:Babol url:http://dbpedia.org/resource/Babol type:city 
label:place id:1161 name:Mashhad url:http://dbpedia.org/resource/Mashhad type:city 
label:place id:1162 name:Zanjan url:http://dbpedia.org/resource/Zanjan type:city 
label:place id:1163 name:Qazvin url:http://dbpedia.org/resource/Qazvin type:city 
label:place id:1164 name:Tabriz url:http://dbpedia.org/resource/Tabriz type:city 
label:place id:1165 name:Isfahan url:http://dbpedia.org/resource/Isfahan type:city 
label:place id:1166 name:Tehran url:http://dbpedia.org/resource/Tehran type:city 
label:place id:1167 name:Qom url:http://dbpedia.org/resource/Qom type:city 
label:place id:1178 name:Astana url:http://dbpedia.org/resource/Astana type:city 
label:place id:1179 name:Aktobe url:http://dbpedia.org/resource/Aktobe type:city 
label:place id:1180 name:Karagandy url:http://dbpedia.org/resource/Karagandy type:city 
label:place id:1181 name:Oskemen url:http://dbpedia.org/resource/Oskemen type:city 
label:place id:1182 name:Pavlodar url:http://dbpedia.org/resource/Pavlodar type:city 
label:place id:1183 name:Taraz url:http://dbpedia.org/resource/Taraz type:city 
label:place id:1184 name:Semey url:http://dbpedia.org/resource/Semey type:city 
label:place id:1185 name:Shymkent url:http://dbpedia.org/resource/Shymkent type:city 
label:place id:1186 name:Almaty url:http://dbpedia.org/resource/Almaty type:city 
label:place id:1187 name:Oral url:http://dbpedia.org/resource/Oral type:city 
label:place id:1207 name:Cyberjaya url:http://dbpedia.org/resource/Cyberjaya type:city 
label:place id:1208 name:Kuching url:http://dbpedia.org/resource/Kuching type:city 
label:place id:1209 name:Nilai url:http://dbpedia.org/resource/Nilai type:city 
label:place id:1210 name:George_Town url:http://dbpedia.org/resource/George_Town type:city 
label:place id:1211 name:Penang url:http://dbpedia.org/resource/Penang type:city 
label:place id:1212 name:Selangor url:http://dbpedia.org/resource/Selangor type:city 
label:place id:1213 name:Wilayah_Persekutuan_Kuala_Lumpur url:http://dbpedia.org/resource/Wilayah_Persekutuan_Kuala_Lumpur type:city 
label:place id:1214 name:Kuala_Lumpur url:http://dbpedia.org/resource/Kuala_Lumpur type:city 
label:place id:1215 name:Terengganu url:http://dbpedia.org/resource/Terengganu type:city 
label:place id:1216 name:Shah_Alam url:http://dbpedia.org/resource/Shah_Alam type:city 
label:place id:1237 name:Nala url:http://dbpedia.org/resource/Nala type:city 
label:place id:1238 name:Kirtipur url:http://dbpedia.org/resource/Kirtipur type:city 
label:place id:1239 name:Balkumari url:http://dbpedia.org/resource/Balkumari type:city 
label:place id:1240 name:Lumbini url:http://dbpedia.org/resource/Lumbini type:city 
label:place id:1241 name:Pokhara url:http://dbpedia.org/resource/Pokhara type:city 
label:place id:1242 name:Dharan url:http://dbpedia.org/resource/Dharan type:city 
label:place id:1243 name:Gwarko url:http://dbpedia.org/resource/Gwarko type:city 
label:place id:1244 name:Lalitpur url:http://dbpedia.org/resource/Lalitpur type:city 
label:place id:1245 name:Kathmandu url:http://dbpedia.org/resource/Kathmandu type:city 
label:place id:1246 name:Rajbiraj url:http://dbpedia.org/resource/Rajbiraj type:city 
label:place id:1297 name:Taichung url:http://dbpedia.org/resource/Taichung type:city 
label:place id:1298 name:Yongkang_District url:http://dbpedia.org/resource/Yongkang_District type:city 
label:place id:1299 name:Zhongli url:http://dbpedia.org/resource/Zhongli type:city 
label:place id:1300 name:Yunlin_County url:http://dbpedia.org/resource/Yunlin_County type:city 
label:place id:1301 name:Hsinchu url:http://dbpedia.org/resource/Hsinchu type:city 
label:place id:1302 name:Kaohsiung url:http://dbpedia.org/resource/Kaohsiung type:city 
label:place id:1303 name:Taipei url:http://dbpedia.org/resource/Taipei type:city 
label:place id:1304 name:Tainan url:http://dbpedia.org/resource/Tainan type:city 
label:place id:1333 name:Seoul url:http://dbpedia.org/resource/Seoul type:city 
label:place id:1334 name:Seongbuk-gu url:http://dbpedia.org/resource/Seongbuk-gu type:city 
label:place id:1335 name:Suwon url:http://dbpedia.org/resource/Suwon type:city 
label:place id:1336 name:Gwangju url:http://dbpedia.org/resource/Gwangju type:city 
label:place id:1337 name:Daejeon url:http://dbpedia.org/resource/Daejeon type:city 
label:place id:1338 name:Pohang url:http://dbpedia.org/resource/Pohang type:city 
label:place id:1339 name:Busan url:http://dbpedia.org/resource/Busan type:city 
label:place id:1340 name:Andong url:http://dbpedia.org/resource/Andong type:city 
label:place id:1341 name:Yongin url:http://dbpedia.org/resource/Yongin type:city 
label:place id:1342 name:Incheon url:http://dbpedia.org/resource/Incheon type:city 
label:place id:1382 name:Nakhon_Pathom_Province url:http://dbpedia.org/resource/Nakhon_Pathom_Province type:city 
label:place id:1383 name:Bangkok url:http://dbpedia.org/resource/Bangkok type:city 
label:place id:1384 name:Pathum_Thani_Province url:http://dbpedia.org/resource/Pathum_Thani_Province type:city 
label:place id:1385 name:Pathum_Thani url:http://dbpedia.org/resource/Pathum_Thani type:city 
label:place id:1386 name:Lampang url:http://dbpedia.org/resource/Lampang type:city 
label:place id:1387 name:Chiang_Mai url:http://dbpedia.org/resource/Chiang_Mai type:city 
label:place id:1388 name:Klong_Luang url:http://dbpedia.org/resource/Klong_Luang type:city 
label:place id:1389 name:Hat_Yai url:http://dbpedia.org/resource/Hat_Yai type:city 
label:place id:1390 name:Songkhla url:http://dbpedia.org/resource/Songkhla type:city 
label:place id:1391 name:Narathiwat url:http://dbpedia.org/resource/Narathiwat type:city 
label:place id:1402 name:Mersin url:http://dbpedia.org/resource/Mersin type:city 
label:place id:1403 name:Istanbul url:http://dbpedia.org/resource/Istanbul type:city 
label:place id:1404 name:Çankaya url:http://dbpedia.org/resource/Çankaya type:city 
label:place id:1405 name:Ankara url:http://dbpedia.org/resource/Ankara type:city 
label:place id:1406 name:Bursa url:http://dbpedia.org/resource/Bursa type:city 
label:place id:1407 name:Gaziantep url:http://dbpedia.org/resource/Gaziantep type:city 
label:place id:1408 name:Eskişehir url:http://dbpedia.org/resource/Eskişehir type:city 
label:place id:1409 name:Gebze url:http://dbpedia.org/resource/Gebze type:city 
label:place id:1410 name:Kadıköy url:http://dbpedia.org/resource/Kadıköy type:city 
label:place id:1411 name:Izmir url:http://dbpedia.org/resource/Izmir type:city 
label:place id:1434 name:Al_Hudaydah url:http://dbpedia.org/resource/Al_Hudaydah type:city 
label:place id:1435 name:Zinjibar url:http://dbpedia.org/resource/Zinjibar type:city 
label:place id:1436 name:Dhamar url:http://dbpedia.org/resource/Dhamar type:city 
label:place id:1437 name:Ibb url:http://dbpedia.org/resource/Ibb type:city 
label:place id:1438 name:Hadhramaut url:http://dbpedia.org/resource/Hadhramaut type:city 
label:place id:1439 name:Ta'izz url:http://dbpedia.org/resource/Ta'izz type:city 
label:place id:1440 name:Sayyan url:http://dbpedia.org/resource/Sayyan type:city 
label:place id:1441 name:Aden url:http://dbpedia.org/resource/Aden type:city 
label:place id:1442 name:Sana'a url:http://dbpedia.org/resource/Sana'a type:city 
label:place id:1443 name:Al_Mukalla url:http://dbpedia.org/resource/Al_Mukalla type:city 
label:place id:1454 name:Asia url:http://dbpedia.org/resource/Asia type:continent 
label:place id:10 name:Denmark url:http://dbpedia.org/resource/Denmark type:country 
label:place id:43 name:Slovenia url:http://dbpedia.org/resource/Slovenia type:country 
label:place id:26 name:Mauritius url:http://dbpedia.org/resource/Mauritius type:country 
label:place id:20 name:Latvia url:http://dbpedia.org/resource/Latvia type:country 
label:place id:38 name:Republic_of_Macedonia url:http://dbpedia.org/resource/Republic_of_Macedonia type:country 
label:place id:42 name:Slovakia url:http://dbpedia.org/resource/Slovakia type:country 
label:place id:21 name:Liberia url:http://dbpedia.org/resource/Liberia type:country 
label:place id:892 name:Atlanta url:http://dbpedia.org/resource/Atlanta type:city 
label:place id:1115 name:Birmingham url:http://dbpedia.org/resource/Birmingham type:city 
label:place id:543 name:Dublin url:http://dbpedia.org/resource/Dublin type:city 
label:place id:875 name:Chicago url:http://dbpedia.org/resource/Chicago type:city 
label:place id:902 name:Cambridge url:http://dbpedia.org/resource/Cambridge type:city 
label:place id:910 name:Portland url:http://dbpedia.org/resource/Portland type:city 
label:place id:1028 name:Vancouver url:http://dbpedia.org/resource/Vancouver type:city 
label:place id:899 name:Austin url:http://dbpedia.org/resource/Austin type:city 
label:place id:1060 name:Bogotá url:http://dbpedia.org/resource/Bogotá type:city 
label:place id:884 name:Columbia url:http://dbpedia.org/resource/Columbia type:city 
label:place id:876 name:Lubbock url:http://dbpedia.org/resource/Lubbock type:city 
label:place id:898 name:Fayetteville url:http://dbpedia.org/resource/Fayetteville type:city 
label:place id:1425 name:Bristol url:http://dbpedia.org/resource/Bristol type:city 
label:place id:1286 name:Warsaw url:http://dbpedia.org/resource/Warsaw type:city 
label:place id:1009 name:Brussels url:http://dbpedia.org/resource/Brussels type:city 
label:place id:1022 name:Edmonton url:http://dbpedia.org/resource/Edmonton type:city 
label:place id:564 name:Santa_Maria url:http://dbpedia.org/resource/Santa_Maria type:city 
label:place id:1363 name:Rovaniemi url:http://dbpedia.org/resource/Rovaniemi type:city 
label:place id:1118 name:Leeds url:http://dbpedia.org/resource/Leeds type:city 
label:place id:608 name:Berlin url:http://dbpedia.org/resource/Berlin type:city 
label:place id:1132 name:Lille url:http://dbpedia.org/resource/Lille type:city 
label:place id:520 name:Helsinki url:http://dbpedia.org/resource/Helsinki type:city 
label:place id:1254 name:Amsterdam url:http://dbpedia.org/resource/Amsterdam type:city 
label:place id:512 name:Sarajevo url:http://dbpedia.org/resource/Sarajevo type:city 
label:place id:1308 name:Iași url:http://dbpedia.org/resource/Iași type:city 
label:place id:628 name:Cologne url:http://dbpedia.org/resource/Cologne type:city 
label:place id:567 name:Diamantina url:http://dbpedia.org/resource/Diamantina type:city 
label:place id:599 name:Wedel url:http://dbpedia.org/resource/Wedel type:city 
label:place id:985 name:Perth url:http://dbpedia.org/resource/Perth type:city 
label:place id:1332 name:Pretoria url:http://dbpedia.org/resource/Pretoria type:city 
label:place id:529 name:Vilnius url:http://dbpedia.org/resource/Vilnius type:city 
label:place id:714 name:Monterrey url:http://dbpedia.org/resource/Monterrey type:city 
label:place id:836 name:Yekaterinburg url:http://dbpedia.org/resource/Yekaterinburg type:city 
label:place id:1176 name:Turin url:http://dbpedia.org/resource/Turin type:city 
label:place id:1175 name:Florence url:http://dbpedia.org/resource/Florence type:city 
label:place id:1330 name:Johannesburg url:http://dbpedia.org/resource/Johannesburg type:city 
label:place id:1027 name:Saskatoon url:http://dbpedia.org/resource/Saskatoon type:city 
label:place id:1331 name:Bellville url:http://dbpedia.org/resource/Bellville type:city 
label:place id:1374 name:Arusha url:http://dbpedia.org/resource/Arusha type:city 
label:place id:1064 name:Armenia url:http://dbpedia.org/resource/Armenia type:city 
label:place id:1050 name:Valdivia url:http://dbpedia.org/resource/Valdivia type:city 
label:place id:1253 name:Utrecht url:http://dbpedia.org/resource/Utrecht type:city 
label:place id:1078 name:Santa_Clara url:http://dbpedia.org/resource/Santa_Clara type:city 
label:place id:622 name:Frankfurt url:http://dbpedia.org/resource/Frankfurt type:city 
label:place id:1251 name:Maastricht url:http://dbpedia.org/resource/Maastricht type:city 
label:place id:724 name:Tlalpan url:http://dbpedia.org/resource/Tlalpan type:city 
label:place id:1093 name:Boma url:http://dbpedia.org/resource/Boma type:city 
label:place id:604 name:Lörrach url:http://dbpedia.org/resource/Lörrach type:city 
label:place id:1452 name:Lusaka url:http://dbpedia.org/resource/Lusaka type:city 
label:place id:1312 name:Oradea url:http://dbpedia.org/resource/Oradea type:city 
label:place id:1080 name:Ostrava url:http://dbpedia.org/resource/Ostrava type:city 
label:place id:720 name:Guadalajara url:http://dbpedia.org/resource/Guadalajara type:city 
label:place id:1062 name:Pamplona url:http://dbpedia.org/resource/Pamplona type:city 
label:place id:745 name:San_Luis_Potosí url:http://dbpedia.org/resource/San_Luis_Potosí type:city 
label:place id:858 name:Krasnoyarsk url:http://dbpedia.org/resource/Krasnoyarsk type:city 
label:place id:1314 name:Timișoara url:http://dbpedia.org/resource/Timișoara type:city 
label:place id:1306 name:Cluj-Napoca url:http://dbpedia.org/resource/Cluj-Napoca type:city 
label:place id:528 name:Benghazi url:http://dbpedia.org/resource/Benghazi type:city 
label:place id:1134 name:Évry url:http://dbpedia.org/resource/Évry type:city 
label:place id:1133 name:Aix-en-Provence url:http://dbpedia.org/resource/Aix-en-Provence type:city 
label:place id:1131 name:Montpellier url:http://dbpedia.org/resource/Montpellier type:city 
label:place id:537 name:Belfast url:http://dbpedia.org/resource/Belfast type:city 
label:place id:586 name:Belo_Horizonte url:http://dbpedia.org/resource/Belo_Horizonte type:city 
label:place id:1369 name:Stockholm url:http://dbpedia.org/resource/Stockholm type:city 
label:place id:540 name:Panama_City url:http://dbpedia.org/resource/Panama_City type:city 
label:place id:1223 name:Chişinău url:http://dbpedia.org/resource/Chişinău type:city 
label:place id:1055 name:Temuco url:http://dbpedia.org/resource/Temuco type:city 
label:place id:621 name:Aachen url:http://dbpedia.org/resource/Aachen type:city 
label:place id:1147 name:Larissa url:http://dbpedia.org/resource/Larissa type:city 
label:place id:1416 name:Uzhhorod url:http://dbpedia.org/resource/Uzhhorod type:city 
label:place id:618 name:Reutlingen url:http://dbpedia.org/resource/Reutlingen type:city 
label:place id:1413 name:Mykolaiv url:http://dbpedia.org/resource/Mykolaiv type:city 
label:place id:976 name:Corrientes url:http://dbpedia.org/resource/Corrientes type:city 
label:place id:591 name:Campo_Grande url:http://dbpedia.org/resource/Campo_Grande type:city 
label:place id:593 name:Pelotas url:http://dbpedia.org/resource/Pelotas type:city 
label:place id:605 name:Ludwigsburg url:http://dbpedia.org/resource/Ludwigsburg type:city 
label:place id:1104 name:Giza url:http://dbpedia.org/resource/Giza type:city 
label:place id:1074 name:Cienfuegos url:http://dbpedia.org/resource/Cienfuegos type:city 
label:place id:598 name:Friedberg url:http://dbpedia.org/resource/Friedberg type:city 
label:place id:1122 name:Awasa url:http://dbpedia.org/resource/Awasa type:city 
label:place id:572 name:Campinas url:http://dbpedia.org/resource/Campinas type:city 
label:place id:1123 name:Mek'ele url:http://dbpedia.org/resource/Mek'ele type:city 
label:place id:1366 name:Umeå url:http://dbpedia.org/resource/Umeå type:city 
label:place id:1069 name:Medellín url:http://dbpedia.org/resource/Medellín type:city 
label:place id:549 name:Ljubljana url:http://dbpedia.org/resource/Ljubljana type:city 
label:place id:841 name:Barnaul url:http://dbpedia.org/resource/Barnaul type:city 
label:place id:616 name:Hanover url:http://dbpedia.org/resource/Hanover type:city 
label:place id:1417 name:Lviv url:http://dbpedia.org/resource/Lviv type:city 
label:place id:1087 name:Brno url:http://dbpedia.org/resource/Brno type:city 
label:place id:851 name:Tomsk url:http://dbpedia.org/resource/Tomsk type:city 
label:place id:1006 name:Canterbury url:http://dbpedia.org/resource/Canterbury type:city 
label:place id:1100 name:Alexandria url:http://dbpedia.org/resource/Alexandria type:city 
label:place id:1137 name:Nantes url:http://dbpedia.org/resource/Nantes type:city 
label:place id:517 name:Santo_Domingo url:http://dbpedia.org/resource/Santo_Domingo type:city 
label:place id:1426 name:Caracas url:http://dbpedia.org/resource/Caracas type:city 
label:place id:1400 name:Tunis url:http://dbpedia.org/resource/Tunis type:city 
label:place id:1084 name:České_Budějovice url:http://dbpedia.org/resource/České_Budějovice type:city 
label:place id:1189 name:Eldoret url:http://dbpedia.org/resource/Eldoret type:city 
label:place id:1273 name:Huancayo url:http://dbpedia.org/resource/Huancayo type:city 
label:place id:590 name:Lagoa_da_Prata url:http://dbpedia.org/resource/Lagoa_da_Prata type:city 
label:place id:570 name:Barbacena url:http://dbpedia.org/resource/Barbacena type:city 
label:place id:750 name:Chapingo url:http://dbpedia.org/resource/Chapingo type:city 
label:place id:1109 name:Sohag url:http://dbpedia.org/resource/Sohag type:city 
label:place id:1151 name:Esztergom url:http://dbpedia.org/resource/Esztergom type:city 
label:place id:1058 name:Osorno url:http://dbpedia.org/resource/Osorno type:city 
label:place id:726 name:San_Pedro_Garza_García url:http://dbpedia.org/resource/San_Pedro_Garza_García type:city 
label:place id:1313 name:Târgoviște url:http://dbpedia.org/resource/Târgoviște type:city 
label:place id:866 name:Belgorod url:http://dbpedia.org/resource/Belgorod type:city 
label:place id:969 name:Oran url:http://dbpedia.org/resource/Oran type:city 
label:place id:541 name:Port_Moresby url:http://dbpedia.org/resource/Port_Moresby type:city 
label:place id:1267 name:Trujillo url:http://dbpedia.org/resource/Trujillo type:city 
label:place id:617 name:Nuremberg url:http://dbpedia.org/resource/Nuremberg type:city 
label:place id:612 name:Trier url:http://dbpedia.org/resource/Trier type:city 
label:place id:627 name:Leipzig url:http://dbpedia.org/resource/Leipzig type:city 
label:place id:1368 name:Jönköping url:http://dbpedia.org/resource/Jönköping type:city 
label:place id:1278 name:Szczecin url:http://dbpedia.org/resource/Szczecin type:city 
label:place id:1415 name:Kharkiv url:http://dbpedia.org/resource/Kharkiv type:city 
label:place id:853 name:Kazan url:http://dbpedia.org/resource/Kazan type:city 
label:place id:584 name:Porto_Alegre url:http://dbpedia.org/resource/Porto_Alegre type:city 
label:place id:1285 name:Poznań url:http://dbpedia.org/resource/Poznań type:city 
label:place id:1282 name:Katowice url:http://dbpedia.org/resource/Katowice type:city 
label:place id:1370 name:Lund url:http://dbpedia.org/resource/Lund type:city 
label:place id:548 name:Bratislava url:http://dbpedia.org/resource/Bratislava type:city 
label:place id:1135 name:Nancy url:http://dbpedia.org/resource/Nancy type:city 
label:place id:1277 name:Gdańsk url:http://dbpedia.org/resource/Gdańsk type:city 
label:place id:595 name:Wernigerode url:http://dbpedia.org/resource/Wernigerode type:city 
label:place id:1276 name:La_Punta url:http://dbpedia.org/resource/La_Punta type:city 
