label:place id:50 name:Germany url:http://dbpedia.org/resource/Germany type:country 
label:place id:5 name:Bolivia url:http://dbpedia.org/resource/Bolivia type:country 
label:place id:35 name:Papua_New_Guinea url:http://dbpedia.org/resource/Papua_New_Guinea type:country 
label:place id:15 name:Honduras url:http://dbpedia.org/resource/Honduras type:country 
label:place id:3 name:Austria url:http://dbpedia.org/resource/Austria type:country 
label:place id:6 name:Bosnia_and_Herzegovina url:http://dbpedia.org/resource/Bosnia_and_Herzegovina type:country 
label:place id:7 name:Bulgaria url:http://dbpedia.org/resource/Bulgaria type:country 
label:place id:9 name:Croatia url:http://dbpedia.org/resource/Croatia type:country 
label:place id:10 name:Denmark url:http://dbpedia.org/resource/Denmark type:country 
label:place id:13 name:Estonia url:http://dbpedia.org/resource/Estonia type:country 
label:place id:14 name:Finland url:http://dbpedia.org/resource/Finland type:country 
label:place id:20 name:Latvia url:http://dbpedia.org/resource/Latvia type:country 
label:place id:23 name:Lithuania url:http://dbpedia.org/resource/Lithuania type:country 
label:place id:24 name:Malta url:http://dbpedia.org/resource/Malta type:country 
label:place id:31 name:Northern_Ireland url:http://dbpedia.org/resource/Northern_Ireland type:country 
label:place id:32 name:Norway url:http://dbpedia.org/resource/Norway type:country 
label:place id:37 name:Republic_of_Ireland url:http://dbpedia.org/resource/Republic_of_Ireland type:country 
label:place id:38 name:Republic_of_Macedonia url:http://dbpedia.org/resource/Republic_of_Macedonia type:country 
label:place id:40 name:Scotland url:http://dbpedia.org/resource/Scotland type:country 
label:place id:42 name:Slovakia url:http://dbpedia.org/resource/Slovakia type:country 
label:place id:43 name:Slovenia url:http://dbpedia.org/resource/Slovenia type:country 
label:place id:45 name:Switzerland url:http://dbpedia.org/resource/Switzerland type:country 
label:place id:48 name:Wales url:http://dbpedia.org/resource/Wales type:country 
label:place id:56 name:Russia url:http://dbpedia.org/resource/Russia type:country 
label:place id:63 name:Belarus url:http://dbpedia.org/resource/Belarus type:country 
label:place id:64 name:Belgium url:http://dbpedia.org/resource/Belgium type:country 
label:place id:72 name:Czech_Republic url:http://dbpedia.org/resource/Czech_Republic type:country 
label:place id:75 name:England url:http://dbpedia.org/resource/England type:country 
label:place id:77 name:France url:http://dbpedia.org/resource/France type:country 
label:place id:78 name:Greece url:http://dbpedia.org/resource/Greece type:country 
label:place id:79 name:Hungary url:http://dbpedia.org/resource/Hungary type:country 
label:place id:81 name:Italy url:http://dbpedia.org/resource/Italy type:country 
label:place id:86 name:Moldova url:http://dbpedia.org/resource/Moldova type:country 
label:place id:89 name:Netherlands url:http://dbpedia.org/resource/Netherlands type:country 
label:place id:92 name:Poland url:http://dbpedia.org/resource/Poland type:country 
label:place id:93 name:Portugal url:http://dbpedia.org/resource/Portugal type:country 
label:place id:95 name:Romania url:http://dbpedia.org/resource/Romania type:country 
label:place id:99 name:Spain url:http://dbpedia.org/resource/Spain type:country 
label:place id:101 name:Sweden url:http://dbpedia.org/resource/Sweden type:country 
label:place id:106 name:Ukraine url:http://dbpedia.org/resource/Ukraine type:country 
label:place id:107 name:United_Kingdom url:http://dbpedia.org/resource/United_Kingdom type:country 
label:place id:509 name:Vienna url:http://dbpedia.org/resource/Vienna type:city 
label:place id:512 name:Sarajevo url:http://dbpedia.org/resource/Sarajevo type:city 
label:place id:513 name:Sofia url:http://dbpedia.org/resource/Sofia type:city 
label:place id:515 name:Zagreb url:http://dbpedia.org/resource/Zagreb type:city 
label:place id:516 name:Copenhagen url:http://dbpedia.org/resource/Copenhagen type:city 
label:place id:519 name:Tallinn url:http://dbpedia.org/resource/Tallinn type:city 
label:place id:520 name:Helsinki url:http://dbpedia.org/resource/Helsinki type:city 
label:place id:526 name:Riga url:http://dbpedia.org/resource/Riga type:city 
label:place id:529 name:Vilnius url:http://dbpedia.org/resource/Vilnius type:city 
label:place id:530 name:San_Gwann url:http://dbpedia.org/resource/San_Gwann type:city 
label:place id:537 name:Belfast url:http://dbpedia.org/resource/Belfast type:city 
label:place id:538 name:Oslo url:http://dbpedia.org/resource/Oslo type:city 
label:place id:543 name:Dublin url:http://dbpedia.org/resource/Dublin type:city 
label:place id:544 name:Skopje url:http://dbpedia.org/resource/Skopje type:city 
label:place id:546 name:Glasgow url:http://dbpedia.org/resource/Glasgow type:city 
label:place id:548 name:Bratislava url:http://dbpedia.org/resource/Bratislava type:city 
label:place id:549 name:Ljubljana url:http://dbpedia.org/resource/Ljubljana type:city 
label:place id:551 name:Geneva url:http://dbpedia.org/resource/Geneva type:city 
label:place id:554 name:Swansea url:http://dbpedia.org/resource/Swansea type:city 
label:place id:595 name:Wernigerode url:http://dbpedia.org/resource/Wernigerode type:city 
label:place id:596 name:Greifswald url:http://dbpedia.org/resource/Greifswald type:city 
label:place id:597 name:Darmstadt url:http://dbpedia.org/resource/Darmstadt type:city 
label:place id:598 name:Friedberg url:http://dbpedia.org/resource/Friedberg type:city 
label:place id:599 name:Wedel url:http://dbpedia.org/resource/Wedel type:city 
label:place id:600 name:Möckern url:http://dbpedia.org/resource/Möckern type:city 
label:place id:601 name:Ingolstadt url:http://dbpedia.org/resource/Ingolstadt type:city 
label:place id:602 name:Heidelberg url:http://dbpedia.org/resource/Heidelberg type:city 
label:place id:603 name:Speyer url:http://dbpedia.org/resource/Speyer type:city 
label:place id:604 name:Lörrach url:http://dbpedia.org/resource/Lörrach type:city 
label:place id:605 name:Ludwigsburg url:http://dbpedia.org/resource/Ludwigsburg type:city 
label:place id:606 name:Fulda url:http://dbpedia.org/resource/Fulda type:city 
label:place id:607 name:Augsburg url:http://dbpedia.org/resource/Augsburg type:city 
label:place id:608 name:Berlin url:http://dbpedia.org/resource/Berlin type:city 
label:place id:609 name:Munich url:http://dbpedia.org/resource/Munich type:city 
label:place id:610 name:Kempten url:http://dbpedia.org/resource/Kempten type:city 
label:place id:611 name:Koblenz url:http://dbpedia.org/resource/Koblenz type:city 
label:place id:612 name:Trier url:http://dbpedia.org/resource/Trier type:city 
label:place id:613 name:Othmarschen url:http://dbpedia.org/resource/Othmarschen type:city 
label:place id:614 name:Freiburg_im_Breisgau url:http://dbpedia.org/resource/Freiburg_im_Breisgau type:city 
label:place id:615 name:Hamburg url:http://dbpedia.org/resource/Hamburg type:city 
label:place id:616 name:Hanover url:http://dbpedia.org/resource/Hanover type:city 
label:place id:617 name:Nuremberg url:http://dbpedia.org/resource/Nuremberg type:city 
label:place id:618 name:Reutlingen url:http://dbpedia.org/resource/Reutlingen type:city 
label:place id:619 name:Ilmenau url:http://dbpedia.org/resource/Ilmenau type:city 
label:place id:620 name:Stuttgart url:http://dbpedia.org/resource/Stuttgart type:city 
label:place id:621 name:Aachen url:http://dbpedia.org/resource/Aachen type:city 
label:place id:622 name:Frankfurt url:http://dbpedia.org/resource/Frankfurt type:city 
label:place id:623 name:Flensburg url:http://dbpedia.org/resource/Flensburg type:city 
label:place id:624 name:Mannheim url:http://dbpedia.org/resource/Mannheim type:city 
label:place id:625 name:Mainz url:http://dbpedia.org/resource/Mainz type:city 
label:place id:626 name:Iserlohn url:http://dbpedia.org/resource/Iserlohn type:city 
label:place id:627 name:Leipzig url:http://dbpedia.org/resource/Leipzig type:city 
label:place id:628 name:Cologne url:http://dbpedia.org/resource/Cologne type:city 
label:place id:629 name:Heilbronn url:http://dbpedia.org/resource/Heilbronn type:city 
label:place id:630 name:Konstanz url:http://dbpedia.org/resource/Konstanz type:city 
label:place id:631 name:Wiesbaden url:http://dbpedia.org/resource/Wiesbaden type:city 
label:place id:632 name:Lübeck url:http://dbpedia.org/resource/Lübeck type:city 
label:place id:633 name:Kassel url:http://dbpedia.org/resource/Kassel type:city 
label:place id:634 name:Weimar url:http://dbpedia.org/resource/Weimar type:city 
label:place id:832 name:Tula url:http://dbpedia.org/resource/Tula type:city 
label:place id:833 name:Rostov url:http://dbpedia.org/resource/Rostov type:city 
label:place id:834 name:Vladivostok url:http://dbpedia.org/resource/Vladivostok type:city 
label:place id:835 name:Zhukovsky url:http://dbpedia.org/resource/Zhukovsky type:city 
label:place id:836 name:Yekaterinburg url:http://dbpedia.org/resource/Yekaterinburg type:city 
label:place id:837 name:Perm url:http://dbpedia.org/resource/Perm type:city 
label:place id:838 name:Yaroslavl url:http://dbpedia.org/resource/Yaroslavl type:city 
label:place id:839 name:Krasnodar url:http://dbpedia.org/resource/Krasnodar type:city 
label:place id:840 name:Biysk url:http://dbpedia.org/resource/Biysk type:city 
label:place id:841 name:Barnaul url:http://dbpedia.org/resource/Barnaul type:city 
label:place id:842 name:Kursk url:http://dbpedia.org/resource/Kursk type:city 
label:place id:843 name:Saransk url:http://dbpedia.org/resource/Saransk type:city 
label:place id:844 name:Saint_Petersburg url:http://dbpedia.org/resource/Saint_Petersburg type:city 
label:place id:845 name:Moscow url:http://dbpedia.org/resource/Moscow type:city 
label:place id:846 name:Kemerovo_Oblast url:http://dbpedia.org/resource/Kemerovo_Oblast type:city 
label:place id:847 name:Omsk url:http://dbpedia.org/resource/Omsk type:city 
label:place id:848 name:Bishkek url:http://dbpedia.org/resource/Bishkek type:city 
label:place id:849 name:Magnitogorsk url:http://dbpedia.org/resource/Magnitogorsk type:city 
label:place id:850 name:Murmansk url:http://dbpedia.org/resource/Murmansk type:city 
label:place id:851 name:Tomsk url:http://dbpedia.org/resource/Tomsk type:city 
label:place id:852 name:Monino url:http://dbpedia.org/resource/Monino type:city 
label:place id:853 name:Kazan url:http://dbpedia.org/resource/Kazan type:city 
label:place id:854 name:Ulyanovsk url:http://dbpedia.org/resource/Ulyanovsk type:city 
label:place id:855 name:Ivanovo_Oblast url:http://dbpedia.org/resource/Ivanovo_Oblast type:city 
label:place id:856 name:Vologda url:http://dbpedia.org/resource/Vologda type:city 
label:place id:857 name:Pereslavl-Zalessky url:http://dbpedia.org/resource/Pereslavl-Zalessky type:city 
label:place id:858 name:Krasnoyarsk url:http://dbpedia.org/resource/Krasnoyarsk type:city 
label:place id:859 name:Voronezh url:http://dbpedia.org/resource/Voronezh type:city 
label:place id:860 name:Ulan-Ude url:http://dbpedia.org/resource/Ulan-Ude type:city 
label:place id:861 name:Chita url:http://dbpedia.org/resource/Chita type:city 
label:place id:862 name:Skolkovo url:http://dbpedia.org/resource/Skolkovo type:city 
label:place id:863 name:Saratov url:http://dbpedia.org/resource/Saratov type:city 
label:place id:864 name:Izhevsk url:http://dbpedia.org/resource/Izhevsk type:city 
label:place id:865 name:Moscow_International_Business_Center url:http://dbpedia.org/resource/Moscow_International_Business_Center type:city 
label:place id:866 name:Belgorod url:http://dbpedia.org/resource/Belgorod type:city 
label:place id:867 name:Ufa url:http://dbpedia.org/resource/Ufa type:city 
label:place id:868 name:Volgograd url:http://dbpedia.org/resource/Volgograd type:city 
label:place id:869 name:Zaoksky url:http://dbpedia.org/resource/Zaoksky type:city 
label:place id:870 name:Gorno-Altaysk url:http://dbpedia.org/resource/Gorno-Altaysk type:city 
label:place id:871 name:Irkutsk url:http://dbpedia.org/resource/Irkutsk type:city 
label:place id:990 name:Vitebsk url:http://dbpedia.org/resource/Vitebsk type:city 
label:place id:991 name:Baranovichi url:http://dbpedia.org/resource/Baranovichi type:city 
label:place id:992 name:Bobruysk url:http://dbpedia.org/resource/Bobruysk type:city 
label:place id:993 name:Mogilev url:http://dbpedia.org/resource/Mogilev type:city 
label:place id:994 name:Gomel url:http://dbpedia.org/resource/Gomel type:city 
label:place id:995 name:Borisov url:http://dbpedia.org/resource/Borisov type:city 
label:place id:996 name:Minsk url:http://dbpedia.org/resource/Minsk type:city 
label:place id:997 name:Brest url:http://dbpedia.org/resource/Brest type:city 
label:place id:998 name:Grodno url:http://dbpedia.org/resource/Grodno type:city 
label:place id:999 name:Barysaw url:http://dbpedia.org/resource/Barysaw type:city 
label:place id:1000 name:Liège url:http://dbpedia.org/resource/Liège type:city 
label:place id:1001 name:Leuven url:http://dbpedia.org/resource/Leuven type:city 
label:place id:1002 name:Paris url:http://dbpedia.org/resource/Paris type:city 
label:place id:1003 name:Tonbridge url:http://dbpedia.org/resource/Tonbridge type:city 
label:place id:1004 name:Antwerp url:http://dbpedia.org/resource/Antwerp type:city 
label:place id:1005 name:Ottignies-Louvain-la-Neuve url:http://dbpedia.org/resource/Ottignies-Louvain-la-Neuve type:city 
label:place id:1006 name:Canterbury url:http://dbpedia.org/resource/Canterbury type:city 
label:place id:1007 name:Medway url:http://dbpedia.org/resource/Medway type:city 
label:place id:1008 name:Ghent url:http://dbpedia.org/resource/Ghent type:city 
label:place id:1009 name:Brussels url:http://dbpedia.org/resource/Brussels type:city 
label:place id:1080 name:Ostrava url:http://dbpedia.org/resource/Ostrava type:city 
label:place id:1081 name:Liberec url:http://dbpedia.org/resource/Liberec type:city 
label:place id:1082 name:Prague url:http://dbpedia.org/resource/Prague type:city 
label:place id:1083 name:Mladá_Boleslav url:http://dbpedia.org/resource/Mladá_Boleslav type:city 
label:place id:1084 name:České_Budějovice url:http://dbpedia.org/resource/České_Budějovice type:city 
label:place id:1085 name:Ústí_nad_Labem url:http://dbpedia.org/resource/Ústí_nad_Labem type:city 
label:place id:1086 name:Hradec_Králové url:http://dbpedia.org/resource/Hradec_Králové type:city 
label:place id:1087 name:Brno url:http://dbpedia.org/resource/Brno type:city 
label:place id:1088 name:Moravia url:http://dbpedia.org/resource/Moravia type:city 
label:place id:1089 name:Olomouc url:http://dbpedia.org/resource/Olomouc type:city 
label:place id:1110 name:Southampton url:http://dbpedia.org/resource/Southampton type:city 
label:place id:1111 name:Manchester url:http://dbpedia.org/resource/Manchester type:city 
label:place id:1112 name:Leicester url:http://dbpedia.org/resource/Leicester type:city 
label:place id:1113 name:Newcastle_upon_Tyne url:http://dbpedia.org/resource/Newcastle_upon_Tyne type:city 
label:place id:1114 name:Durham url:http://dbpedia.org/resource/Durham type:city 
label:place id:1115 name:Birmingham url:http://dbpedia.org/resource/Birmingham type:city 
label:place id:1116 name:York url:http://dbpedia.org/resource/York type:city 
label:place id:1117 name:Sheffield url:http://dbpedia.org/resource/Sheffield type:city 
label:place id:1118 name:Leeds url:http://dbpedia.org/resource/Leeds type:city 
label:place id:1129 name:Lyon url:http://dbpedia.org/resource/Lyon type:city 
label:place id:1130 name:Toulouse url:http://dbpedia.org/resource/Toulouse type:city 
label:place id:1131 name:Montpellier url:http://dbpedia.org/resource/Montpellier type:city 
label:place id:1132 name:Lille url:http://dbpedia.org/resource/Lille type:city 
label:place id:1133 name:Aix-en-Provence url:http://dbpedia.org/resource/Aix-en-Provence type:city 
label:place id:1134 name:Évry url:http://dbpedia.org/resource/Évry type:city 
label:place id:1135 name:Nancy url:http://dbpedia.org/resource/Nancy type:city 
label:place id:1136 name:Grenoble url:http://dbpedia.org/resource/Grenoble type:city 
label:place id:1137 name:Nantes url:http://dbpedia.org/resource/Nantes type:city 
label:place id:1138 name:Thessaloniki url:http://dbpedia.org/resource/Thessaloniki type:city 
label:place id:1139 name:Kozani url:http://dbpedia.org/resource/Kozani type:city 
label:place id:1140 name:Patras url:http://dbpedia.org/resource/Patras type:city 
label:place id:1141 name:Kalamata url:http://dbpedia.org/resource/Kalamata type:city 
label:place id:1142 name:Athens url:http://dbpedia.org/resource/Athens type:city 
label:place id:1143 name:Trikala url:http://dbpedia.org/resource/Trikala type:city 
label:place id:1144 name:Crete url:http://dbpedia.org/resource/Crete type:city 
label:place id:1145 name:Karditsa url:http://dbpedia.org/resource/Karditsa type:city 
label:place id:1146 name:Piraeus url:http://dbpedia.org/resource/Piraeus type:city 
label:place id:1147 name:Larissa url:http://dbpedia.org/resource/Larissa type:city 
label:place id:1148 name:Győr url:http://dbpedia.org/resource/Győr type:city 
label:place id:1149 name:Budapest url:http://dbpedia.org/resource/Budapest type:city 
label:place id:1150 name:Szeged url:http://dbpedia.org/resource/Szeged type:city 
label:place id:1151 name:Esztergom url:http://dbpedia.org/resource/Esztergom type:city 
label:place id:1152 name:Salgótarján url:http://dbpedia.org/resource/Salgótarján type:city 
label:place id:1153 name:Zalaegerszeg url:http://dbpedia.org/resource/Zalaegerszeg type:city 
label:place id:1154 name:Visonta url:http://dbpedia.org/resource/Visonta type:city 
label:place id:1155 name:Debrecen url:http://dbpedia.org/resource/Debrecen type:city 
label:place id:1156 name:Veszprém url:http://dbpedia.org/resource/Veszprém type:city 
label:place id:1157 name:Piliscsaba url:http://dbpedia.org/resource/Piliscsaba type:city 
label:place id:1168 name:Venice url:http://dbpedia.org/resource/Venice type:city 
label:place id:1169 name:Pisa url:http://dbpedia.org/resource/Pisa type:city 
label:place id:1170 name:Naples url:http://dbpedia.org/resource/Naples type:city 
label:place id:1171 name:Trieste url:http://dbpedia.org/resource/Trieste type:city 
label:place id:1172 name:Milan url:http://dbpedia.org/resource/Milan type:city 
label:place id:1173 name:Rome url:http://dbpedia.org/resource/Rome type:city 
label:place id:1174 name:Pavia url:http://dbpedia.org/resource/Pavia type:city 
label:place id:1175 name:Florence url:http://dbpedia.org/resource/Florence type:city 
label:place id:1176 name:Turin url:http://dbpedia.org/resource/Turin type:city 
label:place id:1177 name:Brescia url:http://dbpedia.org/resource/Brescia type:city 
label:place id:1217 name:Codru url:http://dbpedia.org/resource/Codru type:city 
label:place id:1218 name:Ungheni url:http://dbpedia.org/resource/Ungheni type:city 
label:place id:1219 name:Orhei url:http://dbpedia.org/resource/Orhei type:city 
label:place id:1220 name:Comrat url:http://dbpedia.org/resource/Comrat type:city 
label:place id:1221 name:Cahul url:http://dbpedia.org/resource/Cahul type:city 
label:place id:1222 name:Tiraspol url:http://dbpedia.org/resource/Tiraspol type:city 
label:place id:1223 name:Chişinău url:http://dbpedia.org/resource/Chişinău type:city 
label:place id:1224 name:Balti url:http://dbpedia.org/resource/Balti type:city 
label:place id:1225 name:Bender url:http://dbpedia.org/resource/Bender type:city 
label:place id:1226 name:Soroca url:http://dbpedia.org/resource/Soroca type:city 
label:place id:1247 name:Groningen url:http://dbpedia.org/resource/Groningen type:city 
label:place id:1248 name:The_Hague url:http://dbpedia.org/resource/The_Hague type:city 
label:place id:1249 name:Heerlen url:http://dbpedia.org/resource/Heerlen type:city 
label:place id:1250 name:Leiden url:http://dbpedia.org/resource/Leiden type:city 
label:place id:1251 name:Maastricht url:http://dbpedia.org/resource/Maastricht type:city 
label:place id:1252 name:Eindhoven url:http://dbpedia.org/resource/Eindhoven type:city 
label:place id:1253 name:Utrecht url:http://dbpedia.org/resource/Utrecht type:city 
label:place id:1254 name:Amsterdam url:http://dbpedia.org/resource/Amsterdam type:city 
label:place id:1255 name:Tilburg url:http://dbpedia.org/resource/Tilburg type:city 
label:place id:1256 name:Rotterdam url:http://dbpedia.org/resource/Rotterdam type:city 
label:place id:1277 name:Gdańsk url:http://dbpedia.org/resource/Gdańsk type:city 
label:place id:1278 name:Szczecin url:http://dbpedia.org/resource/Szczecin type:city 
label:place id:1279 name:Wrocław url:http://dbpedia.org/resource/Wrocław type:city 
label:place id:1280 name:Radom url:http://dbpedia.org/resource/Radom type:city 
label:place id:1281 name:Łódź url:http://dbpedia.org/resource/Łódź type:city 
label:place id:1282 name:Katowice url:http://dbpedia.org/resource/Katowice type:city 
label:place id:1283 name:Lublin url:http://dbpedia.org/resource/Lublin type:city 
label:place id:1284 name:Kraków url:http://dbpedia.org/resource/Kraków type:city 
label:place id:1285 name:Poznań url:http://dbpedia.org/resource/Poznań type:city 
label:place id:1286 name:Warsaw url:http://dbpedia.org/resource/Warsaw type:city 
label:place id:1287 name:Porto url:http://dbpedia.org/resource/Porto type:city 
label:place id:1288 name:Steenokkerzeel url:http://dbpedia.org/resource/Steenokkerzeel type:city 
label:place id:1289 name:Faro url:http://dbpedia.org/resource/Faro type:city 
label:place id:1290 name:Almada url:http://dbpedia.org/resource/Almada type:city 
label:place id:1291 name:Braga url:http://dbpedia.org/resource/Braga type:city 
label:place id:1292 name:Coimbra url:http://dbpedia.org/resource/Coimbra type:city 
label:place id:1293 name:Lisbon url:http://dbpedia.org/resource/Lisbon type:city 
label:place id:1294 name:Évora url:http://dbpedia.org/resource/Évora type:city 
label:place id:1295 name:Mesa url:http://dbpedia.org/resource/Mesa type:city 
label:place id:1296 name:Funchal url:http://dbpedia.org/resource/Funchal type:city 
label:place id:1305 name:Bucharest url:http://dbpedia.org/resource/Bucharest type:city 
label:place id:1306 name:Cluj-Napoca url:http://dbpedia.org/resource/Cluj-Napoca type:city 
label:place id:1307 name:Constanța url:http://dbpedia.org/resource/Constanța type:city 
label:place id:1308 name:Iași url:http://dbpedia.org/resource/Iași type:city 
label:place id:1309 name:Galați url:http://dbpedia.org/resource/Galați type:city 
label:place id:1310 name:Brașov url:http://dbpedia.org/resource/Brașov type:city 
label:place id:1311 name:Arad url:http://dbpedia.org/resource/Arad type:city 
label:place id:1312 name:Oradea url:http://dbpedia.org/resource/Oradea type:city 
label:place id:1313 name:Târgoviște url:http://dbpedia.org/resource/Târgoviște type:city 
label:place id:1314 name:Timișoara url:http://dbpedia.org/resource/Timișoara type:city 
label:place id:1343 name:Salamanca url:http://dbpedia.org/resource/Salamanca type:city 
label:place id:1344 name:Madrid url:http://dbpedia.org/resource/Madrid type:city 
label:place id:1345 name:Barcelona url:http://dbpedia.org/resource/Barcelona type:city 
label:place id:1346 name:Seville url:http://dbpedia.org/resource/Seville type:city 
label:place id:1347 name:Valladolid url:http://dbpedia.org/resource/Valladolid type:city 
label:place id:1348 name:Santander url:http://dbpedia.org/resource/Santander type:city 
label:place id:1349 name:Vigo url:http://dbpedia.org/resource/Vigo type:city 
label:place id:1350 name:San_Sebastián url:http://dbpedia.org/resource/San_Sebastián type:city 
label:place id:1351 name:Valencia url:http://dbpedia.org/resource/Valencia type:city 
label:place id:1352 name:Bilbao url:http://dbpedia.org/resource/Bilbao type:city 
label:place id:1363 name:Rovaniemi url:http://dbpedia.org/resource/Rovaniemi type:city 
label:place id:1364 name:Malmö url:http://dbpedia.org/resource/Malmö type:city 
label:place id:1365 name:Uppsala url:http://dbpedia.org/resource/Uppsala type:city 
label:place id:1366 name:Umeå url:http://dbpedia.org/resource/Umeå type:city 
label:place id:1367 name:Borås url:http://dbpedia.org/resource/Borås type:city 
label:place id:1368 name:Jönköping url:http://dbpedia.org/resource/Jönköping type:city 
label:place id:1369 name:Stockholm url:http://dbpedia.org/resource/Stockholm type:city 
label:place id:1370 name:Lund url:http://dbpedia.org/resource/Lund type:city 
label:place id:1371 name:Örebro url:http://dbpedia.org/resource/Örebro type:city 
label:place id:1372 name:Gothenburg url:http://dbpedia.org/resource/Gothenburg type:city 
label:place id:1412 name:Kiev url:http://dbpedia.org/resource/Kiev type:city 
label:place id:1413 name:Mykolaiv url:http://dbpedia.org/resource/Mykolaiv type:city 
label:place id:1414 name:Dnipropetrovsk url:http://dbpedia.org/resource/Dnipropetrovsk type:city 
label:place id:1415 name:Kharkiv url:http://dbpedia.org/resource/Kharkiv type:city 
label:place id:1416 name:Uzhhorod url:http://dbpedia.org/resource/Uzhhorod type:city 
label:place id:1417 name:Lviv url:http://dbpedia.org/resource/Lviv type:city 
label:place id:1418 name:Donetsk url:http://dbpedia.org/resource/Donetsk type:city 
label:place id:1419 name:Luhansk url:http://dbpedia.org/resource/Luhansk type:city 
label:place id:1420 name:Chernivtsi url:http://dbpedia.org/resource/Chernivtsi type:city 
label:place id:1421 name:Odessa url:http://dbpedia.org/resource/Odessa type:city 
label:place id:1422 name:Coventry url:http://dbpedia.org/resource/Coventry type:city 
label:place id:1423 name:Liverpool url:http://dbpedia.org/resource/Liverpool type:city 
label:place id:1424 name:North_Wales url:http://dbpedia.org/resource/North_Wales type:city 
label:place id:1425 name:Bristol url:http://dbpedia.org/resource/Bristol type:city 
label:place id:1456 name:Europe url:http://dbpedia.org/resource/Europe type:continent 
label:place id:16 name:Hong_Kong url:http://dbpedia.org/resource/Hong_Kong type:country 
label:place id:30 name:Nicaragua url:http://dbpedia.org/resource/Nicaragua type:country 
label:place id:27 name:Mongolia url:http://dbpedia.org/resource/Mongolia type:country 
label:place id:300 name:New_Delhi url:http://dbpedia.org/resource/New_Delhi type:city 
label:place id:877 name:New_York_City url:http://dbpedia.org/resource/New_York_City type:city 
label:place id:888 name:Los_Angeles url:http://dbpedia.org/resource/Los_Angeles type:city 
label:place id:167 name:Coimbatore url:http://dbpedia.org/resource/Coimbatore type:city 
label:place id:903 name:Tallahassee url:http://dbpedia.org/resource/Tallahassee type:city 
label:place id:730 name:Mexico_City url:http://dbpedia.org/resource/Mexico_City type:city 
label:place id:128 name:Delhi url:http://dbpedia.org/resource/Delhi type:city 
label:place id:893 name:Jacksonville url:http://dbpedia.org/resource/Jacksonville type:city 
label:place id:894 name:Orlando url:http://dbpedia.org/resource/Orlando type:city 
label:place id:446 name:Beijing url:http://dbpedia.org/resource/Beijing type:city 
label:place id:1405 name:Ankara url:http://dbpedia.org/resource/Ankara type:city 
label:place id:906 name:Minneapolis url:http://dbpedia.org/resource/Minneapolis type:city 
label:place id:885 name:Phoenix url:http://dbpedia.org/resource/Phoenix type:city 
label:place id:897 name:Cincinnati url:http://dbpedia.org/resource/Cincinnati type:city 
label:place id:874 name:San_Francisco url:http://dbpedia.org/resource/San_Francisco type:city 
label:place id:873 name:Nashville url:http://dbpedia.org/resource/Nashville type:city 
label:place id:900 name:Baltimore url:http://dbpedia.org/resource/Baltimore type:city 
label:place id:907 name:New_Orleans url:http://dbpedia.org/resource/New_Orleans type:city 
label:place id:901 name:Houston url:http://dbpedia.org/resource/Houston type:city 
label:place id:987 name:Camperdown url:http://dbpedia.org/resource/Camperdown type:city 
label:place id:285 name:Guntur url:http://dbpedia.org/resource/Guntur type:city 
label:place id:274 name:Thrissur url:http://dbpedia.org/resource/Thrissur type:city 
label:place id:886 name:Notre_Damena url:http://dbpedia.org/resource/Notre_Damena type:city 
label:place id:1357 name:Colombo url:http://dbpedia.org/resource/Colombo type:city 
label:place id:882 name:Columbus url:http://dbpedia.org/resource/Columbus type:city 
label:place id:1125 name:Addis_Ababa url:http://dbpedia.org/resource/Addis_Ababa type:city 
label:place id:304 name:Thiruvananthapuram url:http://dbpedia.org/resource/Thiruvananthapuram type:city 
label:place id:254 name:Salem url:http://dbpedia.org/resource/Salem type:city 
label:place id:793 name:Iloilo_City url:http://dbpedia.org/resource/Iloilo_City type:city 
label:place id:1051 name:Santiago url:http://dbpedia.org/resource/Santiago type:city 
label:place id:148 name:Tiruchirappalli url:http://dbpedia.org/resource/Tiruchirappalli type:city 
label:place id:121 name:Bhopal url:http://dbpedia.org/resource/Bhopal type:city 
label:place id:872 name:New_Haven url:http://dbpedia.org/resource/New_Haven type:city 
label:place id:891 name:Berkeley url:http://dbpedia.org/resource/Berkeley type:city 
label:place id:889 name:Ann_Arbor url:http://dbpedia.org/resource/Ann_Arbor type:city 
label:place id:118 name:Andhra_Pradesh url:http://dbpedia.org/resource/Andhra_Pradesh type:city 
label:place id:972 name:Buenos_Aires url:http://dbpedia.org/resource/Buenos_Aires type:city 
label:place id:1102 name:Cairo url:http://dbpedia.org/resource/Cairo type:city 
label:place id:911 name:Ithaca url:http://dbpedia.org/resource/Ithaca type:city 
label:place id:459 name:Shanghai url:http://dbpedia.org/resource/Shanghai type:city 
label:place id:1275 name:Lima url:http://dbpedia.org/resource/Lima type:city 
label:place id:1026 name:Hamilton url:http://dbpedia.org/resource/Hamilton type:city 
label:place id:896 name:Milwaukee url:http://dbpedia.org/resource/Milwaukee type:city 
label:place id:582 name:São_Paulo url:http://dbpedia.org/resource/São_Paulo type:city 
label:place id:206 name:Patna url:http://dbpedia.org/resource/Patna type:city 
label:place id:132 name:Ahmedabad url:http://dbpedia.org/resource/Ahmedabad type:city 
label:place id:29 name:New_Zealand url:http://dbpedia.org/resource/New_Zealand type:country 
label:place id:62 name:Australia url:http://dbpedia.org/resource/Australia type:country 
label:place id:535 name:Auckland url:http://dbpedia.org/resource/Auckland type:city 
label:place id:541 name:Port_Moresby url:http://dbpedia.org/resource/Port_Moresby type:city 
label:place id:980 name:Geelong url:http://dbpedia.org/resource/Geelong type:city 
label:place id:981 name:Sydney url:http://dbpedia.org/resource/Sydney type:city 
label:place id:982 name:Canberra url:http://dbpedia.org/resource/Canberra type:city 
label:place id:983 name:Brisbane url:http://dbpedia.org/resource/Brisbane type:city 
label:place id:984 name:Melbourne url:http://dbpedia.org/resource/Melbourne type:city 
label:place id:985 name:Perth url:http://dbpedia.org/resource/Perth type:city 
label:place id:986 name:Darlington url:http://dbpedia.org/resource/Darlington type:city 
label:place id:988 name:Parkville url:http://dbpedia.org/resource/Parkville type:city 
label:place id:989 name:Adelaide url:http://dbpedia.org/resource/Adelaide type:city 
label:place id:1459 name:Australia url:http://dbpedia.org/resource/Australia type:continent 
label:place id:895 name:San_Antonio url:http://dbpedia.org/resource/San_Antonio type:city 
label:place id:1337 name:Daejeon url:http://dbpedia.org/resource/Daejeon type:city 
label:place id:881 name:New_York url:http://dbpedia.org/resource/New_York type:city 
label:place id:215 name:Jaipur url:http://dbpedia.org/resource/Jaipur type:city 
label:place id:908 name:Cleveland url:http://dbpedia.org/resource/Cleveland type:city 
label:place id:135 name:Nagpur url:http://dbpedia.org/resource/Nagpur type:city 
label:place id:696 name:Toyota url:http://dbpedia.org/resource/Toyota type:city 
label:place id:1303 name:Taipei url:http://dbpedia.org/resource/Taipei type:city 
label:place id:1359 name:Peradeniya url:http://dbpedia.org/resource/Peradeniya type:city 
label:place id:658 name:Jakarta url:http://dbpedia.org/resource/Jakarta type:city 
label:place id:1023 name:Ottawa url:http://dbpedia.org/resource/Ottawa type:city 
label:place id:809 name:Los_Baños url:http://dbpedia.org/resource/Los_Baños type:city 
label:place id:1025 name:Winnipeg url:http://dbpedia.org/resource/Winnipeg type:city 
label:place id:209 name:Tamil_Nadu url:http://dbpedia.org/resource/Tamil_Nadu type:city 
label:place id:782 name:Peshawar url:http://dbpedia.org/resource/Peshawar type:city 
label:place id:824 name:Sampaloc url:http://dbpedia.org/resource/Sampaloc type:city 
label:place id:559 name:Rio_de_Janeiro url:http://dbpedia.org/resource/Rio_de_Janeiro type:city 
label:place id:1339 name:Busan url:http://dbpedia.org/resource/Busan type:city 
label:place id:428 name:Brooklyn url:http://dbpedia.org/resource/Brooklyn type:city 
label:place id:244 name:Madurai url:http://dbpedia.org/resource/Madurai type:city 
label:place id:694 name:Tokyo url:http://dbpedia.org/resource/Tokyo type:city 
label:place id:769 name:Quetta url:http://dbpedia.org/resource/Quetta type:city 
label:place id:126 name:Jammu url:http://dbpedia.org/resource/Jammu type:city 
label:place id:765 name:Mirpur url:http://dbpedia.org/resource/Mirpur type:city 
label:place id:588 name:Brasília url:http://dbpedia.org/resource/Brasília type:city 
label:place id:268 name:Jalpaiguri url:http://dbpedia.org/resource/Jalpaiguri type:city 
label:place id:192 name:Bhilai url:http://dbpedia.org/resource/Bhilai type:city 
label:place id:252 name:Dehradun url:http://dbpedia.org/resource/Dehradun type:city 
label:place id:1021 name:Fredericton url:http://dbpedia.org/resource/Fredericton type:city 
label:place id:472 name:Wuhan url:http://dbpedia.org/resource/Wuhan type:city 
label:place id:159 name:Bardhaman url:http://dbpedia.org/resource/Bardhaman type:city 
label:place id:113 name:Mysore url:http://dbpedia.org/resource/Mysore type:city 
label:place id:182 name:Davangere url:http://dbpedia.org/resource/Davangere type:city 
label:place id:196 name:Nashik url:http://dbpedia.org/resource/Nashik type:city 
label:place id:1210 name:George_Town url:http://dbpedia.org/resource/George_Town type:city 
label:place id:820 name:Tacloban url:http://dbpedia.org/resource/Tacloban type:city 
label:place id:826 name:Tagbilaran url:http://dbpedia.org/resource/Tagbilaran type:city 
label:place id:296 name:Gwalior url:http://dbpedia.org/resource/Gwalior type:city 
label:place id:930 name:Móng_Cái url:http://dbpedia.org/resource/Móng_Cái type:city 
label:place id:1203 name:Fianarantosa url:http://dbpedia.org/resource/Fianarantosa type:city 
label:place id:1227 name:Oujda url:http://dbpedia.org/resource/Oujda type:city 
label:place id:949 name:Đà_Lạt url:http://dbpedia.org/resource/Đà_Lạt type:city 
label:place id:1266 name:Dosso url:http://dbpedia.org/resource/Dosso type:city 
label:place id:1197 name:Ambovombe url:http://dbpedia.org/resource/Ambovombe type:city 
label:place id:1262 name:Tahoua url:http://dbpedia.org/resource/Tahoua type:city 
label:place id:1322 name:Tambacounda url:http://dbpedia.org/resource/Tambacounda type:city 
label:place id:1204 name:Antanifotsy url:http://dbpedia.org/resource/Antanifotsy type:city 
label:place id:445 name:Chizhou url:http://dbpedia.org/resource/Chizhou type:city 
label:place id:464 name:Chibi url:http://dbpedia.org/resource/Chibi type:city 
label:place id:1205 name:Toliara url:http://dbpedia.org/resource/Toliara type:city 
label:place id:1318 name:Louga url:http://dbpedia.org/resource/Louga type:city 
label:place id:968 name:El_Oued url:http://dbpedia.org/resource/El_Oued type:city 
label:place id:1199 name:Mahajanga url:http://dbpedia.org/resource/Mahajanga type:city 
label:place id:409 name:Enping url:http://dbpedia.org/resource/Enping type:city 
label:place id:487 name:Bazhou url:http://dbpedia.org/resource/Bazhou type:city 
label:place id:944 name:Rạch_Giá url:http://dbpedia.org/resource/Rạch_Giá type:city 
label:place id:1181 name:Oskemen url:http://dbpedia.org/resource/Oskemen type:city 
label:place id:1440 name:Sayyan url:http://dbpedia.org/resource/Sayyan type:city 
label:place id:436 name:Anda url:http://dbpedia.org/resource/Anda type:city 
label:place id:425 name:Dali url:http://dbpedia.org/resource/Dali type:city 
label:place id:1444 name:Luanshya url:http://dbpedia.org/resource/Luanshya type:city 
label:place id:139 name:Thirthahalli url:http://dbpedia.org/resource/Thirthahalli type:city 
label:place id:240 name:Chetpet url:http://dbpedia.org/resource/Chetpet type:city 
label:place id:163 name:Anantapur_district url:http://dbpedia.org/resource/Anantapur_district type:city 
label:place id:306 name:Bhagalpur url:http://dbpedia.org/resource/Bhagalpur type:city 
label:place id:155 name:Jind url:http://dbpedia.org/resource/Jind type:city 
label:place id:1105 name:El_Shorouk url:http://dbpedia.org/resource/El_Shorouk type:city 
label:place id:257 name:Shimoga url:http://dbpedia.org/resource/Shimoga type:city 
label:place id:522 name:Ma_Liu_Shui url:http://dbpedia.org/resource/Ma_Liu_Shui type:city 
label:place id:199 name:Aizawl url:http://dbpedia.org/resource/Aizawl type:city 
label:place id:579 name:Ribeirão_Preto url:http://dbpedia.org/resource/Ribeirão_Preto type:city 
label:place id:1018 name:Pyin_U_Lwin url:http://dbpedia.org/resource/Pyin_U_Lwin type:city 
label:place id:310 name:Zhengzhou url:http://dbpedia.org/resource/Zhengzhou type:city 
label:place id:1061 name:Cartagena url:http://dbpedia.org/resource/Cartagena type:city 
label:place id:1065 name:Bucaramanga url:http://dbpedia.org/resource/Bucaramanga type:city 
label:place id:336 name:Nanning url:http://dbpedia.org/resource/Nanning type:city 
label:place id:978 name:Rosario url:http://dbpedia.org/resource/Rosario type:city 
label:place id:975 name:San_Martín url:http://dbpedia.org/resource/San_Martín type:city 
label:place id:1386 name:Lampang url:http://dbpedia.org/resource/Lampang type:city 
label:place id:1377 name:Dar_es_Salaam url:http://dbpedia.org/resource/Dar_es_Salaam type:city 
label:place id:1211 name:Penang url:http://dbpedia.org/resource/Penang type:city 
label:place id:652 name:Semarang url:http://dbpedia.org/resource/Semarang type:city 
label:place id:1408 name:Eskişehir url:http://dbpedia.org/resource/Eskişehir type:city 
label:place id:226 name:Haldwani url:http://dbpedia.org/resource/Haldwani type:city 
label:place id:146 name:Hamirpur url:http://dbpedia.org/resource/Hamirpur type:city 
label:place id:767 name:Taxila url:http://dbpedia.org/resource/Taxila type:city 
label:place id:721 name:Villahermosa url:http://dbpedia.org/resource/Villahermosa type:city 
label:place id:716 name:Chihuahua url:http://dbpedia.org/resource/Chihuahua type:city 
label:place id:742 name:Santa_Catarina url:http://dbpedia.org/resource/Santa_Catarina type:city 
label:place id:1338 name:Pohang url:http://dbpedia.org/resource/Pohang type:city 
label:place id:321 name:Shenzhen url:http://dbpedia.org/resource/Shenzhen type:city 
label:place id:689 name:Nagakute url:http://dbpedia.org/resource/Nagakute type:city 
label:place id:1334 name:Seongbuk-gu url:http://dbpedia.org/resource/Seongbuk-gu type:city 
label:place id:798 name:Mandaluyong url:http://dbpedia.org/resource/Mandaluyong type:city 
label:place id:732 name:Puebla url:http://dbpedia.org/resource/Puebla type:city 
label:place id:236 name:Belgaum url:http://dbpedia.org/resource/Belgaum type:city 
label:place id:686 name:Fujisawa url:http://dbpedia.org/resource/Fujisawa type:city 
label:place id:235 name:Bankura url:http://dbpedia.org/resource/Bankura type:city 
label:place id:705 name:Sapporo url:http://dbpedia.org/resource/Sapporo type:city 
label:place id:134 name:Haldia url:http://dbpedia.org/resource/Haldia type:city 
label:place id:208 name:Bareilly url:http://dbpedia.org/resource/Bareilly type:city 
label:place id:655 name:Medan url:http://dbpedia.org/resource/Medan type:city 
label:place id:698 name:Bunkyo url:http://dbpedia.org/resource/Bunkyo type:city 
label:place id:760 name:Sialkot url:http://dbpedia.org/resource/Sialkot type:city 
label:place id:293 name:Nerul url:http://dbpedia.org/resource/Nerul type:city 
label:place id:286 name:Kottayam url:http://dbpedia.org/resource/Kottayam type:city 
label:place id:1442 name:Sana'a url:http://dbpedia.org/resource/Sana'a type:city 
label:place id:810 name:Silang url:http://dbpedia.org/resource/Silang type:city 
label:place id:144 name:Cooch_Behar url:http://dbpedia.org/resource/Cooch_Behar type:city 
label:place id:822 name:Cavite_City url:http://dbpedia.org/resource/Cavite_City type:city 
label:place id:1165 name:Isfahan url:http://dbpedia.org/resource/Isfahan type:city 
label:place id:830 name:Malolos url:http://dbpedia.org/resource/Malolos type:city 
label:place id:1164 name:Tabriz url:http://dbpedia.org/resource/Tabriz type:city 
label:place id:804 name:Laoag url:http://dbpedia.org/resource/Laoag type:city 
label:place id:221 name:Jorhat url:http://dbpedia.org/resource/Jorhat type:city 
label:place id:282 name:Jabalpur url:http://dbpedia.org/resource/Jabalpur type:city 
label:place id:251 name:Rajahmundry url:http://dbpedia.org/resource/Rajahmundry type:city 
label:place id:534 name:Windhoek url:http://dbpedia.org/resource/Windhoek type:city 
label:place id:578 name:Salvador url:http://dbpedia.org/resource/Salvador type:city 
label:place id:1245 name:Kathmandu url:http://dbpedia.org/resource/Kathmandu type:city 
label:place id:1161 name:Mashhad url:http://dbpedia.org/resource/Mashhad type:city 
label:place id:539 name:Muscat url:http://dbpedia.org/resource/Muscat type:city 
label:place id:784 name:Abbottabad url:http://dbpedia.org/resource/Abbottabad type:city 
label:place id:676 name:Chiba url:http://dbpedia.org/resource/Chiba type:city 
label:place id:214 name:Howrah url:http://dbpedia.org/resource/Howrah type:city 
label:place id:125 name:Noida url:http://dbpedia.org/resource/Noida type:city 
label:place id:258 name:Kollam url:http://dbpedia.org/resource/Kollam type:city 
label:place id:151 name:Gandhinagar url:http://dbpedia.org/resource/Gandhinagar type:city 
label:place id:283 name:Faridabad url:http://dbpedia.org/resource/Faridabad type:city 
label:place id:803 name:Pasay url:http://dbpedia.org/resource/Pasay type:city 
label:place id:1059 name:Concepción url:http://dbpedia.org/resource/Concepción type:city 
label:place id:243 name:Patiala url:http://dbpedia.org/resource/Patiala type:city 
label:place id:364 name:Mbabane url:http://dbpedia.org/resource/Mbabane type:city 
label:place id:147 name:Kanpur url:http://dbpedia.org/resource/Kanpur type:city 
label:place id:495 name:Binzhou url:http://dbpedia.org/resource/Binzhou type:city 
label:place id:1076 name:Pinar_del_Río url:http://dbpedia.org/resource/Pinar_del_Río type:city 
label:place id:1073 name:Jagüey_Grande url:http://dbpedia.org/resource/Jagüey_Grande type:city 
label:place id:383 name:Chenzhou url:http://dbpedia.org/resource/Chenzhou type:city 
label:place id:1192 name:Nakuru url:http://dbpedia.org/resource/Nakuru type:city 
label:place id:1071 name:Marianao url:http://dbpedia.org/resource/Marianao type:city 
label:place id:486 name:Anqing url:http://dbpedia.org/resource/Anqing type:city 
label:place id:1072 name:Santiago_de_Cuba url:http://dbpedia.org/resource/Santiago_de_Cuba type:city 
label:place id:467 name:Qiqihar url:http://dbpedia.org/resource/Qiqihar type:city 
label:place id:1328 name:eMalahleni url:http://dbpedia.org/resource/eMalahleni type:city 
label:place id:507 name:Shanxi url:http://dbpedia.org/resource/Shanxi type:city 
label:place id:525 name:Vientiane url:http://dbpedia.org/resource/Vientiane type:city 
label:place id:385 name:Shijiazhuang url:http://dbpedia.org/resource/Shijiazhuang type:city 
label:place id:746 name:Cancún url:http://dbpedia.org/resource/Cancún type:city 
label:place id:423 name:Yantai url:http://dbpedia.org/resource/Yantai type:city 
label:place id:348 name:Xinxiang url:http://dbpedia.org/resource/Xinxiang type:city 
label:place id:442 name:Putian url:http://dbpedia.org/resource/Putian type:city 
label:place id:1239 name:Balkumari url:http://dbpedia.org/resource/Balkumari type:city 
label:place id:1229 name:Marrakech url:http://dbpedia.org/resource/Marrakech type:city 
label:place id:1327 name:Saldanha url:http://dbpedia.org/resource/Saldanha type:city 
label:place id:454 name:Shihezi url:http://dbpedia.org/resource/Shihezi type:city 
label:place id:1015 name:Taungoo url:http://dbpedia.org/resource/Taungoo type:city 
label:place id:1439 name:Ta'izz url:http://dbpedia.org/resource/Ta'izz type:city 
label:place id:1446 name:Monze url:http://dbpedia.org/resource/Monze type:city 
label:place id:775 name:New_Muslim_Town url:http://dbpedia.org/resource/New_Muslim_Town type:city 
label:place id:1017 name:Loikaw url:http://dbpedia.org/resource/Loikaw type:city 
label:place id:1447 name:Ndola url:http://dbpedia.org/resource/Ndola type:city 
label:place id:1381 name:Zanzibar url:http://dbpedia.org/resource/Zanzibar type:city 
label:place id:956 name:Kandahar url:http://dbpedia.org/resource/Kandahar type:city 
label:place id:1271 name:Jesús_María url:http://dbpedia.org/resource/Jesús_María type:city 
label:place id:1298 name:Yongkang_District url:http://dbpedia.org/resource/Yongkang_District type:city 
label:place id:511 name:Carmen_Pampa url:http://dbpedia.org/resource/Carmen_Pampa type:city 
label:place id:1438 name:Hadhramaut url:http://dbpedia.org/resource/Hadhramaut type:city 
label:place id:640 name:Tangerang url:http://dbpedia.org/resource/Tangerang type:city 
label:place id:773 name:Tando_Jam url:http://dbpedia.org/resource/Tando_Jam type:city 
label:place id:780 name:Major_Cities url:http://dbpedia.org/resource/Major_Cities type:city 
label:place id:941 name:Huế url:http://dbpedia.org/resource/Huế type:city 
label:place id:576 name:Lorena url:http://dbpedia.org/resource/Lorena type:city 
label:place id:672 name:South_Tangerang url:http://dbpedia.org/resource/South_Tangerang type:city 
label:place id:788 name:Khyber_Pakhtunkhwa url:http://dbpedia.org/resource/Khyber_Pakhtunkhwa type:city 
label:place id:635 name:Gorontalo url:http://dbpedia.org/resource/Gorontalo type:city 
label:place id:661 name:Banda_Aceh url:http://dbpedia.org/resource/Banda_Aceh type:city 
label:place id:575 name:Bagé url:http://dbpedia.org/resource/Bagé type:city 
label:place id:761 name:Ahmedpur_Sial url:http://dbpedia.org/resource/Ahmedpur_Sial type:city 
label:place id:662 name:Banjarmasin url:http://dbpedia.org/resource/Banjarmasin type:city 
label:place id:568 name:Feira_de_Santana url:http://dbpedia.org/resource/Feira_de_Santana type:city 
label:place id:1126 name:Mettu url:http://dbpedia.org/resource/Mettu type:city 
label:place id:1120 name:Debre_Marqos url:http://dbpedia.org/resource/Debre_Marqos type:city 
label:place id:1356 name:Nugegoda url:http://dbpedia.org/resource/Nugegoda type:city 
label:place id:469 name:Huainan url:http://dbpedia.org/resource/Huainan type:city 
label:place id:961 name:Batna url:http://dbpedia.org/resource/Batna type:city 
label:place id:811 name:Taguig url:http://dbpedia.org/resource/Taguig type:city 
label:place id:960 name:Algiers url:http://dbpedia.org/resource/Algiers type:city 
label:place id:971 name:Mendoza url:http://dbpedia.org/resource/Mendoza type:city 
label:place id:799 name:Tuguegarao url:http://dbpedia.org/resource/Tuguegarao type:city 
label:place id:821 name:Cagayan_de_Oro url:http://dbpedia.org/resource/Cagayan_de_Oro type:city 
label:place id:681 name:Sagamihara url:http://dbpedia.org/resource/Sagamihara type:city 
label:place id:680 name:Hachiōji url:http://dbpedia.org/resource/Hachiōji type:city 
label:place id:200 name:Jhansi url:http://dbpedia.org/resource/Jhansi type:city 
label:place id:302 name:Durg url:http://dbpedia.org/resource/Durg type:city 
label:place id:712 name:Tokushima url:http://dbpedia.org/resource/Tokushima type:city 
label:place id:265 name:Ajmer url:http://dbpedia.org/resource/Ajmer type:city 
label:place id:743 name:Colima url:http://dbpedia.org/resource/Colima type:city 
label:place id:766 name:Swabi url:http://dbpedia.org/resource/Swabi type:city 
label:place id:748 name:Tepic url:http://dbpedia.org/resource/Tepic type:city 
label:place id:952 name:Lashkar_Gah url:http://dbpedia.org/resource/Lashkar_Gah type:city 
label:place id:781 name:Bahria_Town url:http://dbpedia.org/resource/Bahria_Town type:city 
label:place id:532 name:Moka url:http://dbpedia.org/resource/Moka type:city 
label:place id:531 name:Nouakchott url:http://dbpedia.org/resource/Nouakchott type:city 
label:place id:1316 name:Saint-Louis url:http://dbpedia.org/resource/Saint-Louis type:city 
label:place id:917 name:Nha_Trang url:http://dbpedia.org/resource/Nha_Trang type:city 
label:place id:1429 name:Anzoátegui url:http://dbpedia.org/resource/Anzoátegui type:city 
label:place id:924 name:Long_Xuyen url:http://dbpedia.org/resource/Long_Xuyen type:city 
label:place id:943 name:Gia_lam url:http://dbpedia.org/resource/Gia_lam type:city 
label:place id:965 name:Bab_Ezzouar url:http://dbpedia.org/resource/Bab_Ezzouar type:city 
label:place id:940 name:Cần_Thơ url:http://dbpedia.org/resource/Cần_Thơ type:city 
label:place id:378 name:Luoyang url:http://dbpedia.org/resource/Luoyang type:city 
label:place id:923 name:Nghe_An_province url:http://dbpedia.org/resource/Nghe_An_province type:city 
label:place id:1119 name:Dire_Dawa url:http://dbpedia.org/resource/Dire_Dawa type:city 
label:place id:945 name:Cua_Lo url:http://dbpedia.org/resource/Cua_Lo type:city 
label:place id:737 name:Tlatelolco url:http://dbpedia.org/resource/Tlatelolco type:city 
label:place id:723 name:Ciudad_Obregón url:http://dbpedia.org/resource/Ciudad_Obregón type:city 
label:place id:1353 name:Kelaniya url:http://dbpedia.org/resource/Kelaniya type:city 
label:place id:728 name:Pedro_Escobedo url:http://dbpedia.org/resource/Pedro_Escobedo type:city 
label:place id:747 name:Coyoacán url:http://dbpedia.org/resource/Coyoacán type:city 
label:place id:1232 name:Ifrane url:http://dbpedia.org/resource/Ifrane type:city 
label:place id:771 name:Topi url:http://dbpedia.org/resource/Topi type:city 
label:place id:1404 name:Çankaya url:http://dbpedia.org/resource/Çankaya type:city 
label:place id:1397 name:Monastir url:http://dbpedia.org/resource/Monastir type:city 
label:place id:1379 name:Unguja url:http://dbpedia.org/resource/Unguja type:city 
label:place id:557 name:São_Luís url:http://dbpedia.org/resource/São_Luís type:city 
label:place id:1238 name:Kirtipur url:http://dbpedia.org/resource/Kirtipur type:city 
label:place id:1391 name:Narathiwat url:http://dbpedia.org/resource/Narathiwat type:city 
label:place id:1398 name:Sousse url:http://dbpedia.org/resource/Sousse type:city 
label:place id:1392 name:La_Marsa url:http://dbpedia.org/resource/La_Marsa type:city 
label:place id:1395 name:Sfax url:http://dbpedia.org/resource/Sfax type:city 
label:place id:452 name:Hengyang url:http://dbpedia.org/resource/Hengyang type:city 
label:place id:1244 name:Lalitpur url:http://dbpedia.org/resource/Lalitpur type:city 
label:place id:783 name:Dera_Ismail_Khan url:http://dbpedia.org/resource/Dera_Ismail_Khan type:city 
label:place id:1427 name:Barquisimeto url:http://dbpedia.org/resource/Barquisimeto type:city 
label:place id:550 name:Kwaluseni url:http://dbpedia.org/resource/Kwaluseni type:city 
label:place id:331 name:Yueyang url:http://dbpedia.org/resource/Yueyang type:city 
label:place id:1360 name:Ratmalana_Airport url:http://dbpedia.org/resource/Ratmalana_Airport type:city 
label:place id:418 name:Lanzhou url:http://dbpedia.org/resource/Lanzhou type:city 
label:place id:1300 name:Yunlin_County url:http://dbpedia.org/resource/Yunlin_County type:city 
label:place id:719 name:San_Nicolás_de_los_Garza url:http://dbpedia.org/resource/San_Nicolás_de_los_Garza type:city 
label:place id:1329 name:Mthatha url:http://dbpedia.org/resource/Mthatha type:city 
label:place id:552 name:Dushanbe url:http://dbpedia.org/resource/Dushanbe type:city 
label:place id:390 name:Foshan url:http://dbpedia.org/resource/Foshan type:city 
label:place id:358 name:Songjiang_District url:http://dbpedia.org/resource/Songjiang_District type:city 
label:place id:954 name:Asadabad url:http://dbpedia.org/resource/Asadabad type:city 
label:place id:1409 name:Gebze url:http://dbpedia.org/resource/Gebze type:city 
label:place id:951 name:Puli_Khumri url:http://dbpedia.org/resource/Puli_Khumri type:city 
label:place id:1268 name:Distrito_de_Bellavista url:http://dbpedia.org/resource/Distrito_de_Bellavista type:city 
label:place id:647 name:Purwokerto url:http://dbpedia.org/resource/Purwokerto type:city 
label:place id:664 name:Pontianak url:http://dbpedia.org/resource/Pontianak type:city 
label:place id:645 name:Ciputat url:http://dbpedia.org/resource/Ciputat type:city 
label:place id:665 name:Mataram url:http://dbpedia.org/resource/Mataram type:city 
label:place id:636 name:West_Java url:http://dbpedia.org/resource/West_Java type:city 
label:place id:639 name:Bandar_Lampung url:http://dbpedia.org/resource/Bandar_Lampung type:city 
label:place id:670 name:Magelang url:http://dbpedia.org/resource/Magelang type:city 
label:place id:574 name:Carangola url:http://dbpedia.org/resource/Carangola type:city 
label:place id:638 name:Depok url:http://dbpedia.org/resource/Depok type:city 
label:place id:1107 name:Ramadan_City url:http://dbpedia.org/resource/Ramadan_City type:city 
label:place id:1103 name:Beni_Suef url:http://dbpedia.org/resource/Beni_Suef type:city 
label:place id:494 name:Chengdu url:http://dbpedia.org/resource/Chengdu type:city 
label:place id:1274 name:Callao url:http://dbpedia.org/resource/Callao type:city 
label:place id:1095 name:Goma url:http://dbpedia.org/resource/Goma type:city 
label:place id:569 name:João_Monlevade url:http://dbpedia.org/resource/João_Monlevade type:city 
label:place id:1019 name:Meiktila url:http://dbpedia.org/resource/Meiktila type:city 
label:place id:977 name:Presidencia_Roque_Sáenz_Peña url:http://dbpedia.org/resource/Presidencia_Roque_Sáenz_Peña type:city 
label:place id:490 name:Fuling_District url:http://dbpedia.org/resource/Fuling_District type:city 
label:place id:561 name:Passos url:http://dbpedia.org/resource/Passos type:city 
label:place id:659 name:Tarakan url:http://dbpedia.org/resource/Tarakan type:city 
label:place id:1045 name:Buea url:http://dbpedia.org/resource/Buea type:city 
label:place id:656 name:Bengkulu url:http://dbpedia.org/resource/Bengkulu type:city 
label:place id:668 name:Badung_Regency url:http://dbpedia.org/resource/Badung_Regency type:city 
label:place id:973 name:Various url:http://dbpedia.org/resource/Various type:city 
label:place id:317 name:Zhangzhou url:http://dbpedia.org/resource/Zhangzhou type:city 
label:place id:1190 name:Kikuyu url:http://dbpedia.org/resource/Kikuyu type:city 
label:place id:963 name:El_Harrach url:http://dbpedia.org/resource/El_Harrach type:city 
label:place id:1191 name:Kitengela url:http://dbpedia.org/resource/Kitengela type:city 
label:place id:556 name:Santos url:http://dbpedia.org/resource/Santos type:city 
label:place id:759 name:http://maps.google.com/maps?ll=25.530889,69.017306&spn=0.01,0.01&t=m&q=25.530889,69.017306 url:http://dbpedia.org/resource/http://maps.google.com/maps?ll=25.530889,69.017306&spn=0.01,0.01&t=m&q=25.530889,69.017306 type:city 
label:place id:1201 name:Antananarivo url:http://dbpedia.org/resource/Antananarivo type:city 
label:place id:1443 name:Al_Mukalla url:http://dbpedia.org/resource/Al_Mukalla type:city 
label:place id:1434 name:Al_Hudaydah url:http://dbpedia.org/resource/Al_Hudaydah type:city 
label:place id:384 name:Pudong url:http://dbpedia.org/resource/Pudong type:city 
label:place id:1128 name:Jimma url:http://dbpedia.org/resource/Jimma type:city 
label:place id:1075 name:Matanzas url:http://dbpedia.org/resource/Matanzas type:city 
label:place id:1127 name:Adama url:http://dbpedia.org/resource/Adama type:city 
label:place id:145 name:Hubli url:http://dbpedia.org/resource/Hubli type:city 
label:place id:284 name:Rupnagar url:http://dbpedia.org/resource/Rupnagar type:city 
label:place id:245 name:Karaikudi url:http://dbpedia.org/resource/Karaikudi type:city 
label:place id:234 name:English_Bazar url:http://dbpedia.org/resource/English_Bazar type:city 
label:place id:1090 name:Kinshasa url:http://dbpedia.org/resource/Kinshasa type:city 
label:place id:152 name:Kannur url:http://dbpedia.org/resource/Kannur type:city 
label:place id:197 name:Anand url:http://dbpedia.org/resource/Anand type:city 
label:place id:1213 name:Wilayah_Persekutuan_Kuala_Lumpur url:http://dbpedia.org/resource/Wilayah_Persekutuan_Kuala_Lumpur type:city 
label:place id:1212 name:Selangor url:http://dbpedia.org/resource/Selangor type:city 
label:place id:731 name:Querétaro url:http://dbpedia.org/resource/Querétaro type:city 
label:place id:527 name:Monrovia url:http://dbpedia.org/resource/Monrovia type:city 
label:place id:691 name:Nagasaki url:http://dbpedia.org/resource/Nagasaki type:city 
label:place id:704 name:Aichi_Prefecture url:http://dbpedia.org/resource/Aichi_Prefecture type:city 
label:place id:690 name:Akita_City url:http://dbpedia.org/resource/Akita_City type:city 
label:place id:688 name:Hirosaki url:http://dbpedia.org/resource/Hirosaki type:city 
label:place id:697 name:Owariasahi url:http://dbpedia.org/resource/Owariasahi type:city 
label:place id:707 name:Hachinohe url:http://dbpedia.org/resource/Hachinohe type:city 
label:place id:701 name:Niigata url:http://dbpedia.org/resource/Niigata type:city 
label:place id:173 name:Kurukshetra url:http://dbpedia.org/resource/Kurukshetra type:city 
label:place id:1121 name:Nekemte url:http://dbpedia.org/resource/Nekemte type:city 
label:place id:143 name:Anantapur url:http://dbpedia.org/resource/Anantapur type:city 
label:place id:1230 name:Rabat url:http://dbpedia.org/resource/Rabat type:city 
label:place id:301 name:Secunderabad url:http://dbpedia.org/resource/Secunderabad type:city 
label:place id:195 name:Tiruvallur_district url:http://dbpedia.org/resource/Tiruvallur_district type:city 
label:place id:201 name:Serampore url:http://dbpedia.org/resource/Serampore type:city 
label:place id:247 name:Bahadurgarh url:http://dbpedia.org/resource/Bahadurgarh type:city 
label:place id:970 name:Córdoba url:http://dbpedia.org/resource/Córdoba type:city 
label:place id:583 name:Recife url:http://dbpedia.org/resource/Recife type:city 
label:place id:542 name:Ponce url:http://dbpedia.org/resource/Ponce type:city 
label:place id:485 name:Changsha url:http://dbpedia.org/resource/Changsha type:city 
label:place id:566 name:Londrina url:http://dbpedia.org/resource/Londrina type:city 
label:place id:553 name:Montevideo url:http://dbpedia.org/resource/Montevideo type:city 
label:place id:828 name:San_Miguel url:http://dbpedia.org/resource/San_Miguel type:city 
label:place id:1270 name:Arequipa url:http://dbpedia.org/resource/Arequipa type:city 
label:place id:1355 name:Matara url:http://dbpedia.org/resource/Matara type:city 
label:place id:1387 name:Chiang_Mai url:http://dbpedia.org/resource/Chiang_Mai type:city 
label:place id:1389 name:Hat_Yai url:http://dbpedia.org/resource/Hat_Yai type:city 
label:place id:1259 name:Abidjan url:http://dbpedia.org/resource/Abidjan type:city 
label:place id:1033 name:Ta_Khmau url:http://dbpedia.org/resource/Ta_Khmau type:city 
label:place id:315 name:Changji url:http://dbpedia.org/resource/Changji type:city 
label:place id:438 name:Changge url:http://dbpedia.org/resource/Changge type:city 
label:place id:415 name:Changning url:http://dbpedia.org/resource/Changning type:city 
label:place id:370 name:Erenhot url:http://dbpedia.org/resource/Erenhot type:city 
label:place id:1180 name:Karagandy url:http://dbpedia.org/resource/Karagandy type:city 
label:place id:1035 name:Battambang url:http://dbpedia.org/resource/Battambang type:city 
label:place id:1187 name:Oral url:http://dbpedia.org/resource/Oral type:city 
label:place id:400 name:Fuquan url:http://dbpedia.org/resource/Fuquan type:city 
label:place id:1258 name:Arlit url:http://dbpedia.org/resource/Arlit type:city 
label:place id:929 name:Phan_Rang–Tháp_Chàm url:http://dbpedia.org/resource/Phan_Rang–Tháp_Chàm type:city 
label:place id:408 name:Chongzhou url:http://dbpedia.org/resource/Chongzhou type:city 
label:place id:921 name:Bến url:http://dbpedia.org/resource/Bến type:city 
label:place id:362 name:Bazhong url:http://dbpedia.org/resource/Bazhong type:city 
label:place id:1097 name:Kananga url:http://dbpedia.org/resource/Kananga type:city 
label:place id:340 name:Anguo url:http://dbpedia.org/resource/Anguo type:city 
label:place id:421 name:Dazhou url:http://dbpedia.org/resource/Dazhou type:city 
label:place id:1048 name:Bamenda url:http://dbpedia.org/resource/Bamenda type:city 
label:place id:477 name:Chifeng url:http://dbpedia.org/resource/Chifeng type:city 
label:place id:927 name:Mỹ_Tho url:http://dbpedia.org/resource/Mỹ_Tho type:city 
label:place id:1046 name:Kumba url:http://dbpedia.org/resource/Kumba type:city 
label:place id:339 name:Bei'an url:http://dbpedia.org/resource/Bei'an type:city 
label:place id:395 name:Dexing url:http://dbpedia.org/resource/Dexing type:city 
label:place id:1317 name:Thies url:http://dbpedia.org/resource/Thies type:city 
label:place id:328 name:Baotou url:http://dbpedia.org/resource/Baotou type:city 
label:place id:373 name:Dunhua url:http://dbpedia.org/resource/Dunhua type:city 
label:place id:496 name:Fuyang, url:http://dbpedia.org/resource/Fuyang, type:city 
label:place id:380 name:Dezhou url:http://dbpedia.org/resource/Dezhou type:city 
label:place id:547 name:SingaporeCity url:http://dbpedia.org/resource/SingaporeCity type:city 
label:place id:1179 name:Aktobe url:http://dbpedia.org/resource/Aktobe type:city 
label:place id:966 name:Chief url:http://dbpedia.org/resource/Chief type:city 
label:place id:481 name:Dengzhou url:http://dbpedia.org/resource/Dengzhou type:city 
label:place id:1257 name:Tessaoua url:http://dbpedia.org/resource/Tessaoua type:city 
label:place id:335 name:Dunhuang url:http://dbpedia.org/resource/Dunhuang type:city 
label:place id:402 name:Conghua url:http://dbpedia.org/resource/Conghua type:city 
label:place id:938 name:Tân_An url:http://dbpedia.org/resource/Tân_An type:city 
label:place id:1323 name:Rufisque url:http://dbpedia.org/resource/Rufisque type:city 
label:place id:429 name:Botou url:http://dbpedia.org/resource/Botou type:city 
label:place id:480 name:Fuding url:http://dbpedia.org/resource/Fuding type:city 
label:place id:330 name:Changzhi url:http://dbpedia.org/resource/Changzhi type:city 
label:place id:457 name:Gaobeidian url:http://dbpedia.org/resource/Gaobeidian type:city 
label:place id:419 name:Beibei_District url:http://dbpedia.org/resource/Beibei_District type:city 
label:place id:1108 name:Bilbeis url:http://dbpedia.org/resource/Bilbeis type:city 
label:place id:1099 name:Bas-Congo url:http://dbpedia.org/resource/Bas-Congo type:city 
label:place id:744 name:Campeche url:http://dbpedia.org/resource/Campeche type:city 
label:place id:1096 name:Kisangani url:http://dbpedia.org/resource/Kisangani type:city 
label:place id:497 name:Jinan url:http://dbpedia.org/resource/Jinan type:city 
label:place id:349 name:Macau url:http://dbpedia.org/resource/Macau type:city 
label:place id:345 name:Anshan url:http://dbpedia.org/resource/Anshan type:city 
label:place id:1098 name:Lubumbashi url:http://dbpedia.org/resource/Lubumbashi type:city 
label:place id:1124 name:Bahir_Dar url:http://dbpedia.org/resource/Bahir_Dar type:city 
label:place id:440 name:Nan'an_District url:http://dbpedia.org/resource/Nan'an_District type:city 
label:place id:1079 name:Camagüey url:http://dbpedia.org/resource/Camagüey type:city 
label:place id:1077 name:Ciego_de_Ávila url:http://dbpedia.org/resource/Ciego_de_Ávila type:city 
label:place id:1196 name:Nyeri url:http://dbpedia.org/resource/Nyeri type:city 
label:place id:594 name:Contagem url:http://dbpedia.org/resource/Contagem type:city 
label:place id:1188 name:Machakos url:http://dbpedia.org/resource/Machakos type:city 
label:place id:792 name:Khairpur url:http://dbpedia.org/resource/Khairpur type:city 
label:place id:754 name:Khuzdar url:http://dbpedia.org/resource/Khuzdar type:city 
label:place id:1193 name:Kitale url:http://dbpedia.org/resource/Kitale type:city 
label:place id:774 name:Surat,India url:http://dbpedia.org/resource/Surat,India type:city 
label:place id:763 name:Kahuta url:http://dbpedia.org/resource/Kahuta type:city 
label:place id:757 name:Nawabshah url:http://dbpedia.org/resource/Nawabshah type:city 
label:place id:1269 name:Chorrillos_District url:http://dbpedia.org/resource/Chorrillos_District type:city 
label:place id:1272 name:Chosica,Lima url:http://dbpedia.org/resource/Chosica,Lima type:city 
label:place id:577 name:Campos_dos_Goytacazes url:http://dbpedia.org/resource/Campos_dos_Goytacazes type:city 
label:place id:560 name:Petrópolis url:http://dbpedia.org/resource/Petrópolis type:city 
label:place id:581 name:Criciúma url:http://dbpedia.org/resource/Criciúma type:city 
label:place id:727 name:Montemorelos url:http://dbpedia.org/resource/Montemorelos type:city 
label:place id:722 name:Antón_Lizardo url:http://dbpedia.org/resource/Antón_Lizardo type:city 
label:place id:447 name:Haidian_District url:http://dbpedia.org/resource/Haidian_District type:city 
label:place id:741 name:Tijuana url:http://dbpedia.org/resource/Tijuana type:city 
label:place id:1236 name:Tangier-Tetouan url:http://dbpedia.org/resource/Tangier-Tetouan type:city 
label:place id:738 name:Ixtlán_de_Juárez url:http://dbpedia.org/resource/Ixtlán_de_Juárez type:city 
label:place id:739 name:Altamira url:http://dbpedia.org/resource/Altamira type:city 
label:place id:1243 name:Gwarko url:http://dbpedia.org/resource/Gwarko type:city 
label:place id:717 name:Zacapoaxtla url:http://dbpedia.org/resource/Zacapoaxtla type:city 
label:place id:1237 name:Nala url:http://dbpedia.org/resource/Nala type:city 
label:place id:558 name:Novo_Hamburgo url:http://dbpedia.org/resource/Novo_Hamburgo type:city 
label:place id:585 name:Uberlândia url:http://dbpedia.org/resource/Uberlândia type:city 
label:place id:718 name:Culiacán url:http://dbpedia.org/resource/Culiacán type:city 
label:place id:735 name:Jiquilpan url:http://dbpedia.org/resource/Jiquilpan type:city 
label:place id:974 name:Posadas url:http://dbpedia.org/resource/Posadas type:city 
label:place id:508 name:Luanda url:http://dbpedia.org/resource/Luanda type:city 
label:place id:967 name:Annaba url:http://dbpedia.org/resource/Annaba type:city 
label:place id:733 name:Toluca url:http://dbpedia.org/resource/Toluca type:city 
label:place id:736 name:Irapuato url:http://dbpedia.org/resource/Irapuato type:city 
label:place id:587 name:Serro url:http://dbpedia.org/resource/Serro type:city 
label:place id:555 name:Guanhães url:http://dbpedia.org/resource/Guanhães type:city 
label:place id:580 name:Lavras url:http://dbpedia.org/resource/Lavras type:city 
label:place id:648 name:Samarinda url:http://dbpedia.org/resource/Samarinda type:city 
label:place id:1010 name:Taungoo_Township url:http://dbpedia.org/resource/Taungoo_Township type:city 
label:place id:937 name:Hung_Yen_province url:http://dbpedia.org/resource/Hung_Yen_province type:city 
label:place id:1437 name:Ibb url:http://dbpedia.org/resource/Ibb type:city 
label:place id:1436 name:Dhamar url:http://dbpedia.org/resource/Dhamar type:city 
label:place id:1441 name:Aden url:http://dbpedia.org/resource/Aden type:city 
label:place id:1451 name:Kitwe url:http://dbpedia.org/resource/Kitwe type:city 
label:place id:474 name:Yinchuan url:http://dbpedia.org/resource/Yinchuan type:city 
label:place id:641 name:Surakarta url:http://dbpedia.org/resource/Surakarta type:city 
label:place id:396 name:Zhuhai url:http://dbpedia.org/resource/Zhuhai type:city 
label:place id:371 name:Baoding url:http://dbpedia.org/resource/Baoding type:city 
label:place id:671 name:West_Papua url:http://dbpedia.org/resource/West_Papua type:city 
label:place id:654 name:Central_Jakarta url:http://dbpedia.org/resource/Central_Jakarta type:city 
label:place id:673 name:Tegal_Regency url:http://dbpedia.org/resource/Tegal_Regency type:city 
label:place id:657 name:Manokwari url:http://dbpedia.org/resource/Manokwari type:city 
label:place id:663 name:Jambi_City url:http://dbpedia.org/resource/Jambi_City type:city 
label:place id:489 name:Suzhou url:http://dbpedia.org/resource/Suzhou type:city 
label:place id:666 name:Jimbaran url:http://dbpedia.org/resource/Jimbaran type:city 
label:place id:420 name:Shantou url:http://dbpedia.org/resource/Shantou type:city 
label:place id:318 name:Huanggang url:http://dbpedia.org/resource/Huanggang type:city 
label:place id:389 name:Taiyuan url:http://dbpedia.org/resource/Taiyuan type:city 
label:place id:644 name:Bangkalan url:http://dbpedia.org/resource/Bangkalan type:city 
label:place id:650 name:Bali url:http://dbpedia.org/resource/Bali type:city 
label:place id:1428 name:Nueva_Esparta url:http://dbpedia.org/resource/Nueva_Esparta type:city 
label:place id:545 name:Butare url:http://dbpedia.org/resource/Butare type:city 
label:place id:1012 name:Lanmadaw_Township url:http://dbpedia.org/resource/Lanmadaw_Township type:city 
label:place id:1320 name:Dakar url:http://dbpedia.org/resource/Dakar type:city 
label:place id:1013 name:Mayangone url:http://dbpedia.org/resource/Mayangone type:city 
label:place id:1036 name:Borey_Seang_Nam url:http://dbpedia.org/resource/Borey_Seang_Nam type:city 
label:place id:1362 name:Batalanda url:http://dbpedia.org/resource/Batalanda type:city 
label:place id:1043 name:Bangangté url:http://dbpedia.org/resource/Bangangté type:city 
label:place id:1375 name:Morogoro url:http://dbpedia.org/resource/Morogoro type:city 
label:place id:1376 name:Mzumbe_morogoro url:http://dbpedia.org/resource/Mzumbe_morogoro type:city 
label:place id:1384 name:Pathum_Thani_Province url:http://dbpedia.org/resource/Pathum_Thani_Province type:city 
label:place id:1382 name:Nakhon_Pathom_Province url:http://dbpedia.org/resource/Nakhon_Pathom_Province type:city 
label:place id:1388 name:Klong_Luang url:http://dbpedia.org/resource/Klong_Luang type:city 
label:place id:1057 name:Puerto_Montt url:http://dbpedia.org/resource/Puerto_Montt type:city 
label:place id:646 name:Manokwari_Regency url:http://dbpedia.org/resource/Manokwari_Regency type:city 
label:place id:1401 name:El_Mourouj url:http://dbpedia.org/resource/El_Mourouj type:city 
label:place id:1431 name:Monagas url:http://dbpedia.org/resource/Monagas type:city 
